0,neu
1,neu
2,neu
3,xxx
4,xxx
5,neu
6,fru
7,fru
8,fru
9,fru
10,xxx
11,fru
12,ang
13,fru
14,neu
15,fru
16,fru
17,fru
18,fru
19,fru
20,fru
21,fru
22,fru
23,fru
24,fru
25,fru
26,fru
27,ang
28,xxx
29,ang
30,sad
31,sad
32,sad
33,neu
34,sad
35,sad
36,neu
37,xxx
38,sad
39,xxx
40,sad
41,xxx
42,sad
43,sad
44,sad
45,sad
46,neu
47,sad
48,neu
49,sad
50,sad
51,xxx
52,sad
53,xxx
54,fru
55,xxx
56,sad
57,xxx
58,xxx
59,fru
60,sad
61,sad
62,sad
63,neu
64,sad
65,sad
66,neu
67,fru
68,hap
69,hap
70,hap
71,xxx
72,hap
73,hap
74,hap
75,xxx
76,hap
77,hap
78,hap
79,xxx
80,hap
81,hap
82,xxx
83,exc
84,hap
85,neu
86,neu
87,neu
88,xxx
89,hap
90,neu
91,neu
92,hap
93,hap
94,hap
95,neu
96,neu
97,sur
98,exc
99,xxx
100,xxx
101,neu
102,hap
103,neu
104,neu
105,xxx
106,neu
107,xxx
108,hap
109,hap
110,hap
111,neu
112,sur
113,sur
114,neu
115,neu
116,neu
117,exc
118,hap
119,neu
120,neu
121,neu
122,fru
123,xxx
124,xxx
125,neu
126,neu
127,fru
128,xxx
129,neu
130,xxx
131,xxx
132,xxx
133,neu
134,neu
135,xxx
136,fru
137,fru
138,fru
139,fru
140,xxx
141,fru
142,fru
143,fru
144,fru
145,fru
146,fru
147,fru
148,ang
149,ang
150,ang
151,ang
152,ang
153,ang
154,neu
155,neu
156,neu
157,neu
158,neu
159,neu
160,neu
161,neu
162,neu
163,neu
164,neu
165,neu
166,neu
167,neu
168,neu
169,neu
170,neu
171,neu
172,neu
173,neu
174,neu
175,neu
176,neu
177,neu
178,neu
179,neu
180,neu
181,neu
182,neu
183,fru
184,fru
185,neu
186,neu
187,xxx
188,fru
189,fru
190,xxx
191,fru
192,fru
193,fru
194,fru
195,fru
196,fru
197,xxx
198,fru
199,ang
200,ang
201,xxx
202,ang
203,ang
204,xxx
205,ang
206,ang
207,ang
208,ang
209,ang
210,ang
211,ang
212,ang
213,ang
214,ang
215,ang
216,ang
217,ang
218,xxx
219,ang
220,ang
221,ang
222,neu
223,hap
224,hap
225,neu
226,neu
227,neu
228,neu
229,neu
230,neu
231,neu
232,neu
233,neu
234,neu
235,neu
236,neu
237,neu
238,neu
239,neu
240,xxx
241,neu
242,neu
243,xxx
244,neu
245,neu
246,neu
247,neu
248,neu
249,neu
250,neu
251,neu
252,neu
253,neu
254,sur
255,sur
256,neu
257,neu
258,xxx
259,xxx
260,sad
261,neu
262,neu
263,sad
264,sad
265,sad
266,sad
267,neu
268,sad
269,sad
270,sad
271,sad
272,sad
273,sad
274,neu
275,xxx
276,neu
277,neu
278,sad
279,sad
280,sad
281,sad
282,sad
283,sad
284,sad
285,neu
286,sad
287,sad
288,neu
289,neu
290,sad
291,neu
292,neu
293,neu
294,sad
295,neu
296,neu
297,neu
298,neu
299,neu
300,neu
301,neu
302,neu
303,neu
304,xxx
305,exc
306,xxx
307,exc
308,exc
309,exc
310,exc
311,xxx
312,xxx
313,xxx
314,exc
315,exc
316,xxx
317,exc
318,exc
319,xxx
320,xxx
321,exc
322,exc
323,exc
324,exc
325,exc
326,exc
327,exc
328,exc
329,exc
330,exc
331,exc
332,xxx
333,xxx
334,neu
335,neu
336,exc
337,exc
338,xxx
339,exc
340,neu
341,hap
342,fru
343,xxx
344,sur
345,xxx
346,xxx
347,neu
348,xxx
349,xxx
350,xxx
351,fru
352,fru
353,fru
354,fru
355,xxx
356,fru
357,neu
358,xxx
359,xxx
360,xxx
361,xxx
362,xxx
363,fru
364,fru
365,fru
366,fru
367,fru
368,fru
369,fru
370,fru
371,fru
372,fru
373,fru
374,fru
375,fru
376,neu
377,ang
378,xxx
379,ang
380,ang
381,fru
382,fru
383,ang
384,ang
385,fru
386,fru
387,neu
388,neu
389,neu
390,neu
391,neu
392,fru
393,xxx
394,neu
395,fru
396,fru
397,neu
398,fru
399,neu
400,fru
401,neu
402,neu
403,neu
404,neu
405,fru
406,ang
407,fru
408,fru
409,fru
410,neu
411,neu
412,neu
413,fru
414,fru
415,fru
416,fru
417,fru
418,fru
419,fru
420,fru
421,neu
422,fru
423,fru
424,fru
425,fru
426,neu
427,neu
428,fru
429,fru
430,fru
431,xxx
432,xxx
433,xxx
434,ang
435,ang
436,ang
437,ang
438,ang
439,ang
440,ang
441,ang
442,ang
443,ang
444,ang
445,fru
446,xxx
447,neu
448,xxx
449,fru
450,neu
451,xxx
452,fru
453,fru
454,neu
455,fru
456,fru
457,fru
458,fru
459,fru
460,fru
461,fru
462,xxx
463,ang
464,neu
465,neu
466,neu
467,neu
468,neu
469,neu
470,neu
471,neu
472,neu
473,neu
474,hap
475,hap
476,hap
477,hap
478,neu
479,neu
480,neu
481,hap
482,xxx
483,hap
484,hap
485,hap
486,neu
487,xxx
488,xxx
489,xxx
490,xxx
491,xxx
492,neu
493,neu
494,sad
495,neu
496,xxx
497,xxx
498,xxx
499,hap
500,neu
501,neu
502,xxx
503,neu
504,neu
505,neu
506,xxx
507,xxx
508,hap
509,hap
510,hap
511,xxx
512,xxx
513,xxx
514,sur
515,hap
516,hap
517,hap
518,xxx
519,hap
520,hap
521,sad
522,sad
523,sad
524,sad
525,sad
526,sad
527,sad
528,sad
529,sad
530,sad
531,xxx
532,sad
533,sad
534,xxx
535,xxx
536,sad
537,neu
538,xxx
539,neu
540,fru
541,xxx
542,sur
543,neu
544,xxx
545,ang
546,ang
547,neu
548,hap
549,sad
550,xxx
551,xxx
552,xxx
553,fru
554,neu
555,xxx
556,fru
557,xxx
558,fru
559,xxx
560,fru
561,xxx
562,fru
563,neu
564,neu
565,xxx
566,xxx
567,exc
568,xxx
569,xxx
570,xxx
571,xxx
572,neu
573,neu
574,neu
575,neu
576,neu
577,fru
578,neu
579,neu
580,neu
581,exc
582,xxx
583,fru
584,xxx
585,neu
586,neu
587,fru
588,neu
589,neu
590,neu
591,neu
592,fru
593,xxx
594,neu
595,sur
596,neu
597,neu
598,neu
599,neu
600,exc
601,hap
602,xxx
603,exc
604,xxx
605,exc
606,xxx
607,xxx
608,hap
609,hap
610,neu
611,neu
612,xxx
613,xxx
614,xxx
615,xxx
616,ang
617,fru
618,ang
619,ang
620,ang
621,xxx
622,fru
623,fru
624,xxx
625,sad
626,ang
627,neu
628,xxx
629,hap
630,xxx
631,fru
632,sad
633,neu
634,xxx
635,fru
636,neu
637,fru
638,xxx
639,fru
640,fru
641,xxx
642,fru
643,fru
644,sad
645,sad
646,sad
647,sur
648,sur
649,xxx
650,sad
651,neu
652,hap
653,hap
654,hap
655,hap
656,sad
657,neu
658,exc
659,exc
660,neu
661,xxx
662,fru
663,xxx
664,neu
665,fru
666,fru
667,fru
668,fru
669,fru
670,xxx
671,fru
672,fru
673,fru
674,neu
675,neu
676,xxx
677,neu
678,fru
679,neu
680,neu
681,neu
682,hap
683,xxx
684,hap
685,oth
686,xxx
687,xxx
688,xxx
689,fru
690,fru
691,neu
692,xxx
693,fru
694,fru
695,sad
696,sad
697,sur
698,neu
699,fru
700,neu
701,neu
702,hap
703,xxx
704,hap
705,neu
706,neu
707,hap
708,fea
709,fea
710,fea
711,xxx
712,xxx
713,hap
714,exc
715,exc
716,xxx
717,xxx
718,hap
719,hap
720,exc
721,xxx
722,xxx
723,xxx
724,xxx
725,xxx
726,xxx
727,xxx
728,hap
729,hap
730,hap
731,xxx
732,exc
733,xxx
734,xxx
735,xxx
736,xxx
737,hap
738,hap
739,xxx
740,fea
741,fea
742,fea
743,fea
744,xxx
745,exc
746,xxx
747,hap
748,hap
749,hap
750,hap
751,xxx
752,xxx
753,hap
754,xxx
755,xxx
756,xxx
757,xxx
758,hap
759,xxx
760,xxx
761,exc
762,xxx
763,xxx
764,exc
765,hap
766,hap
767,xxx
768,xxx
769,xxx
770,dis
771,xxx
772,xxx
773,xxx
774,hap
775,xxx
776,hap
777,hap
778,xxx
779,hap
780,hap
781,hap
782,xxx
783,neu
784,neu
785,xxx
786,xxx
787,fru
788,xxx
789,xxx
790,xxx
791,xxx
792,ang
793,ang
794,ang
795,ang
796,ang
797,ang
798,xxx
799,xxx
800,ang
801,ang
802,ang
803,ang
804,ang
805,ang
806,ang
807,ang
808,ang
809,neu
810,neu
811,neu
812,xxx
813,ang
814,ang
815,ang
816,ang
817,ang
818,ang
819,ang
820,xxx
821,neu
822,neu
823,xxx
824,neu
825,fru
826,xxx
827,ang
828,xxx
829,fru
830,neu
831,neu
832,fru
833,fru
834,ang
835,fru
836,neu
837,xxx
838,neu
839,neu
840,ang
841,ang
842,ang
843,ang
844,ang
845,ang
846,ang
847,ang
848,xxx
849,ang
850,ang
851,neu
852,ang
853,ang
854,ang
855,ang
856,ang
857,ang
858,ang
859,ang
860,ang
861,ang
862,ang
863,xxx
864,xxx
865,fru
866,xxx
867,xxx
868,ang
869,ang
870,xxx
871,fru
872,ang
873,ang
874,xxx
875,xxx
876,fru
877,xxx
878,xxx
879,xxx
880,ang
881,ang
882,ang
883,ang
884,xxx
885,neu
886,neu
887,xxx
888,xxx
889,xxx
890,xxx
891,xxx
892,fru
893,fru
894,fru
895,neu
896,xxx
897,fru
898,fru
899,fru
900,fru
901,fru
902,neu
903,fru
904,fru
905,fru
906,xxx
907,fru
908,fru
909,fru
910,fru
911,fru
912,ang
913,xxx
914,fru
915,fru
916,xxx
917,ang
918,fru
919,fru
920,fru
921,xxx
922,ang
923,ang
924,ang
925,fru
926,neu
927,xxx
928,sur
929,fru
930,fru
931,fru
932,fru
933,fru
934,fru
935,sad
936,sad
937,xxx
938,xxx
939,sad
940,xxx
941,sad
942,xxx
943,sad
944,xxx
945,sad
946,xxx
947,xxx
948,neu
949,sad
950,sad
951,sad
952,xxx
953,xxx
954,fru
955,sad
956,xxx
957,sad
958,sad
959,sad
960,sad
961,sad
962,sad
963,sad
964,sad
965,sad
966,sad
967,sad
968,sad
969,sad
970,sad
971,sad
972,xxx
973,sad
974,xxx
975,sur
976,exc
977,exc
978,exc
979,exc
980,exc
981,exc
982,exc
983,exc
984,exc
985,exc
986,exc
987,exc
988,exc
989,exc
990,exc
991,neu
992,neu
993,exc
994,exc
995,neu
996,exc
997,exc
998,exc
999,exc
1000,exc
1001,exc
1002,exc
1003,xxx
1004,neu
1005,exc
1006,exc
1007,neu
1008,exc
1009,exc
1010,xxx
1011,exc
1012,exc
1013,exc
1014,exc
1015,neu
1016,exc
1017,exc
1018,exc
1019,neu
1020,exc
1021,exc
1022,neu
1023,exc
1024,exc
1025,exc
1026,xxx
1027,neu
1028,xxx
1029,neu
1030,neu
1031,neu
1032,neu
1033,neu
1034,neu
1035,neu
1036,neu
1037,neu
1038,neu
1039,neu
1040,neu
1041,neu
1042,neu
1043,neu
1044,neu
1045,neu
1046,neu
1047,neu
1048,neu
1049,neu
1050,neu
1051,fru
1052,neu
1053,xxx
1054,fru
1055,fru
1056,fru
1057,fru
1058,fru
1059,xxx
1060,xxx
1061,fru
1062,fru
1063,fru
1064,fru
1065,fru
1066,fru
1067,ang
1068,fru
1069,fru
1070,fru
1071,ang
1072,xxx
1073,fru
1074,xxx
1075,fru
1076,ang
1077,fru
1078,neu
1079,neu
1080,neu
1081,neu
1082,neu
1083,neu
1084,neu
1085,neu
1086,neu
1087,fru
1088,xxx
1089,xxx
1090,neu
1091,neu
1092,neu
1093,neu
1094,neu
1095,neu
1096,neu
1097,neu
1098,neu
1099,neu
1100,neu
1101,neu
1102,neu
1103,neu
1104,neu
1105,neu
1106,neu
1107,neu
1108,neu
1109,neu
1110,neu
1111,neu
1112,neu
1113,neu
1114,fru
1115,xxx
1116,xxx
1117,fru
1118,fru
1119,fru
1120,xxx
1121,ang
1122,ang
1123,ang
1124,ang
1125,ang
1126,fru
1127,fru
1128,xxx
1129,xxx
1130,xxx
1131,xxx
1132,neu
1133,xxx
1134,xxx
1135,fru
1136,xxx
1137,ang
1138,ang
1139,ang
1140,ang
1141,ang
1142,ang
1143,ang
1144,ang
1145,ang
1146,xxx
1147,fru
1148,ang
1149,neu
1150,neu
1151,neu
1152,sad
1153,sad
1154,sad
1155,sad
1156,neu
1157,neu
1158,neu
1159,neu
1160,neu
1161,neu
1162,neu
1163,neu
1164,neu
1165,neu
1166,neu
1167,neu
1168,neu
1169,neu
1170,neu
1171,neu
1172,neu
1173,neu
1174,neu
1175,neu
1176,neu
1177,neu
1178,sad
1179,sad
1180,sad
1181,sad
1182,sad
1183,sad
1184,sad
1185,sad
1186,sad
1187,sad
1188,sad
1189,sad
1190,sad
1191,sad
1192,sad
1193,sad
1194,sad
1195,sad
1196,sad
1197,sad
1198,sad
1199,sad
1200,sad
1201,sad
1202,sad
1203,sad
1204,sad
1205,sad
1206,sad
1207,sad
1208,sad
1209,neu
1210,exc
1211,xxx
1212,exc
1213,exc
1214,exc
1215,exc
1216,exc
1217,exc
1218,exc
1219,neu
1220,exc
1221,neu
1222,exc
1223,exc
1224,exc
1225,exc
1226,xxx
1227,exc
1228,xxx
1229,neu
1230,exc
1231,exc
1232,exc
1233,exc
1234,exc
1235,exc
1236,exc
1237,xxx
1238,xxx
1239,xxx
1240,xxx
1241,xxx
1242,hap
1243,hap
1244,exc
1245,exc
1246,exc
1247,exc
1248,exc
1249,exc
1250,hap
1251,exc
1252,exc
1253,exc
1254,exc
1255,hap
1256,xxx
1257,hap
1258,xxx
1259,xxx
1260,xxx
1261,hap
1262,exc
1263,hap
1264,neu
1265,sur
1266,sur
1267,xxx
1268,exc
1269,xxx
1270,neu
1271,xxx
1272,xxx
1273,xxx
1274,neu
1275,xxx
1276,hap
1277,hap
1278,fru
1279,sur
1280,sur
1281,sur
1282,sad
1283,sad
1284,sad
1285,fru
1286,ang
1287,xxx
1288,sur
1289,ang
1290,fru
1291,xxx
1292,ang
1293,ang
1294,ang
1295,ang
1296,xxx
1297,fru
1298,ang
1299,xxx
1300,fru
1301,ang
1302,ang
1303,neu
1304,neu
1305,fru
1306,fru
1307,ang
1308,ang
1309,sad
1310,ang
1311,xxx
1312,sur
1313,ang
1314,ang
1315,ang
1316,xxx
1317,ang
1318,ang
1319,ang
1320,ang
1321,ang
1322,neu
1323,xxx
1324,neu
1325,sad
1326,sad
1327,sad
1328,sad
1329,sad
1330,fru
1331,xxx
1332,fru
1333,fru
1334,fru
1335,fru
1336,fru
1337,fru
1338,xxx
1339,neu
1340,fru
1341,fru
1342,ang
1343,ang
1344,fru
1345,ang
1346,sad
1347,xxx
1348,fru
1349,fru
1350,fru
1351,xxx
1352,fru
1353,fru
1354,fru
1355,xxx
1356,ang
1357,ang
1358,fru
1359,neu
1360,sad
1361,xxx
1362,sad
1363,ang
1364,sad
1365,ang
1366,ang
1367,xxx
1368,xxx
1369,ang
1370,ang
1371,xxx
1372,xxx
1373,fru
1374,ang
1375,xxx
1376,ang
1377,ang
1378,ang
1379,xxx
1380,neu
1381,neu
1382,fru
1383,fru
1384,fru
1385,fru
1386,fru
1387,neu
1388,fru
1389,fru
1390,fru
1391,fru
1392,fru
1393,fru
1394,fru
1395,ang
1396,ang
1397,ang
1398,neu
1399,neu
1400,xxx
1401,sad
1402,neu
1403,sad
1404,sad
1405,xxx
1406,neu
1407,xxx
1408,xxx
1409,xxx
1410,neu
1411,xxx
1412,exc
1413,exc
1414,hap
1415,xxx
1416,sad
1417,sad
1418,xxx
1419,sad
1420,sad
1421,sad
1422,sad
1423,sad
1424,sad
1425,xxx
1426,xxx
1427,xxx
1428,hap
1429,hap
1430,hap
1431,sad
1432,xxx
1433,neu
1434,xxx
1435,neu
1436,neu
1437,xxx
1438,hap
1439,xxx
1440,xxx
1441,xxx
1442,xxx
1443,neu
1444,xxx
1445,exc
1446,xxx
1447,exc
1448,hap
1449,sad
1450,sad
1451,sad
1452,sad
1453,sad
1454,sad
1455,sad
1456,sad
1457,sad
1458,sad
1459,sad
1460,sad
1461,sad
1462,sad
1463,sad
1464,sad
1465,sad
1466,sad
1467,sad
1468,sad
1469,sad
1470,sad
1471,xxx
1472,hap
1473,xxx
1474,fru
1475,sur
1476,xxx
1477,xxx
1478,ang
1479,xxx
1480,neu
1481,neu
1482,hap
1483,fru
1484,fru
1485,fru
1486,fru
1487,ang
1488,xxx
1489,xxx
1490,ang
1491,fru
1492,fru
1493,fru
1494,ang
1495,ang
1496,ang
1497,xxx
1498,exc
1499,exc
1500,exc
1501,xxx
1502,exc
1503,exc
1504,xxx
1505,neu
1506,xxx
1507,neu
1508,neu
1509,neu
1510,xxx
1511,xxx
1512,exc
1513,xxx
1514,exc
1515,exc
1516,xxx
1517,xxx
1518,fru
1519,fru
1520,neu
1521,neu
1522,fru
1523,xxx
1524,fru
1525,fru
1526,ang
1527,xxx
1528,neu
1529,exc
1530,exc
1531,xxx
1532,fru
1533,fru
1534,fru
1535,neu
1536,xxx
1537,neu
1538,exc
1539,exc
1540,exc
1541,exc
1542,exc
1543,exc
1544,exc
1545,neu
1546,xxx
1547,fru
1548,fru
1549,xxx
1550,fru
1551,fru
1552,fru
1553,fru
1554,fru
1555,ang
1556,ang
1557,fru
1558,ang
1559,ang
1560,ang
1561,ang
1562,fru
1563,xxx
1564,neu
1565,xxx
1566,xxx
1567,sad
1568,xxx
1569,sad
1570,sad
1571,sad
1572,xxx
1573,fru
1574,fru
1575,ang
1576,ang
1577,ang
1578,sad
1579,sad
1580,sad
1581,sad
1582,sad
1583,sur
1584,sur
1585,sad
1586,xxx
1587,xxx
1588,xxx
1589,hap
1590,hap
1591,sad
1592,neu
1593,xxx
1594,exc
1595,exc
1596,exc
1597,xxx
1598,xxx
1599,fru
1600,xxx
1601,neu
1602,xxx
1603,fru
1604,xxx
1605,fru
1606,neu
1607,fru
1608,fru
1609,fru
1610,fru
1611,fru
1612,neu
1613,neu
1614,neu
1615,neu
1616,neu
1617,xxx
1618,neu
1619,xxx
1620,neu
1621,neu
1622,neu
1623,neu
1624,fru
1625,fru
1626,ang
1627,fru
1628,ang
1629,xxx
1630,sad
1631,sad
1632,neu
1633,neu
1634,sad
1635,sad
1636,sad
1637,sad
1638,sad
1639,xxx
1640,xxx
1641,xxx
1642,hap
1643,neu
1644,neu
1645,hap
1646,hap
1647,neu
1648,xxx
1649,fea
1650,fea
1651,hap
1652,hap
1653,xxx
1654,xxx
1655,exc
1656,hap
1657,hap
1658,hap
1659,hap
1660,xxx
1661,xxx
1662,hap
1663,hap
1664,xxx
1665,hap
1666,hap
1667,hap
1668,xxx
1669,hap
1670,xxx
1671,xxx
1672,hap
1673,xxx
1674,xxx
1675,xxx
1676,xxx
1677,xxx
1678,hap
1679,exc
1680,xxx
1681,xxx
1682,hap
1683,xxx
1684,hap
1685,hap
1686,hap
1687,hap
1688,hap
1689,exc
1690,fea
1691,fea
1692,xxx
1693,fea
1694,hap
1695,xxx
1696,xxx
1697,xxx
1698,xxx
1699,xxx
1700,hap
1701,hap
1702,hap
1703,hap
1704,sad
1705,xxx
1706,hap
1707,hap
1708,xxx
1709,hap
1710,xxx
1711,hap
1712,hap
1713,xxx
1714,xxx
1715,xxx
1716,xxx
1717,xxx
1718,exc
1719,exc
1720,hap
1721,hap
1722,xxx
1723,hap
1724,xxx
1725,xxx
1726,xxx
1727,exc
1728,xxx
1729,hap
1730,hap
1731,hap
1732,xxx
1733,xxx
1734,xxx
1735,xxx
1736,sur
1737,xxx
1738,xxx
1739,neu
1740,xxx
1741,xxx
1742,xxx
1743,neu
1744,ang
1745,xxx
1746,xxx
1747,xxx
1748,ang
1749,xxx
1750,ang
1751,xxx
1752,xxx
1753,xxx
1754,xxx
1755,ang
1756,ang
1757,ang
1758,ang
1759,ang
1760,ang
1761,ang
1762,ang
1763,ang
1764,ang
1765,xxx
1766,ang
1767,ang
1768,ang
1769,ang
1770,ang
1771,ang
1772,ang
1773,ang
1774,ang
1775,xxx
1776,xxx
1777,xxx
1778,xxx
1779,xxx
1780,xxx
1781,xxx
1782,xxx
1783,xxx
1784,xxx
1785,xxx
1786,xxx
1787,neu
1788,neu
1789,xxx
1790,xxx
1791,fru
1792,fru
1793,neu
1794,xxx
1795,xxx
1796,xxx
1797,ang
1798,ang
1799,ang
1800,ang
1801,ang
1802,ang
1803,ang
1804,ang
1805,ang
1806,ang
1807,ang
1808,ang
1809,ang
1810,ang
1811,ang
1812,ang
1813,ang
1814,ang
1815,ang
1816,ang
1817,ang
1818,ang
1819,neu
1820,sur
1821,xxx
1822,fru
1823,fru
1824,fru
1825,fru
1826,fru
1827,fru
1828,fru
1829,fru
1830,fru
1831,fru
1832,fru
1833,fru
1834,fru
1835,fru
1836,fru
1837,ang
1838,ang
1839,ang
1840,ang
1841,fru
1842,fru
1843,neu
1844,neu
1845,neu
1846,xxx
1847,neu
1848,fru
1849,fru
1850,fru
1851,fru
1852,fru
1853,fru
1854,fru
1855,fru
1856,fru
1857,fru
1858,fru
1859,xxx
1860,ang
1861,fru
1862,ang
1863,fru
1864,fru
1865,fru
1866,fru
1867,fru
1868,sad
1869,sad
1870,sad
1871,sad
1872,sad
1873,sad
1874,sad
1875,sad
1876,sad
1877,sad
1878,sad
1879,sad
1880,sad
1881,sad
1882,xxx
1883,fru
1884,fru
1885,fru
1886,xxx
1887,fru
1888,fru
1889,sad
1890,fru
1891,fru
1892,fru
1893,xxx
1894,sad
1895,exc
1896,exc
1897,xxx
1898,xxx
1899,exc
1900,xxx
1901,xxx
1902,xxx
1903,xxx
1904,exc
1905,xxx
1906,exc
1907,exc
1908,exc
1909,exc
1910,hap
1911,hap
1912,hap
1913,hap
1914,hap
1915,xxx
1916,exc
1917,xxx
1918,hap
1919,exc
1920,xxx
1921,hap
1922,hap
1923,exc
1924,hap
1925,hap
1926,xxx
1927,neu
1928,sur
1929,xxx
1930,hap
1931,exc
1932,sur
1933,sur
1934,xxx
1935,hap
1936,hap
1937,hap
1938,exc
1939,neu
1940,neu
1941,neu
1942,neu
1943,neu
1944,neu
1945,hap
1946,hap
1947,xxx
1948,hap
1949,hap
1950,exc
1951,exc
1952,hap
1953,fru
1954,fru
1955,fru
1956,fru
1957,fru
1958,fru
1959,fru
1960,fru
1961,fru
1962,sad
1963,fru
1964,fru
1965,fru
1966,fru
1967,fru
1968,fru
1969,sad
1970,xxx
1971,neu
1972,neu
1973,xxx
1974,neu
1975,neu
1976,neu
1977,neu
1978,neu
1979,neu
1980,neu
1981,neu
1982,neu
1983,neu
1984,neu
1985,fru
1986,neu
1987,neu
1988,neu
1989,neu
1990,neu
1991,xxx
1992,neu
1993,neu
1994,sur
1995,sur
1996,neu
1997,sur
1998,ang
1999,fru
2000,xxx
2001,xxx
2002,ang
2003,fru
2004,xxx
2005,fru
2006,fru
2007,fru
2008,fru
2009,fru
2010,fru
2011,ang
2012,fru
2013,xxx
2014,fru
2015,neu
2016,neu
2017,neu
2018,neu
2019,neu
2020,neu
2021,neu
2022,neu
2023,neu
2024,neu
2025,neu
2026,neu
2027,neu
2028,neu
2029,neu
2030,neu
2031,neu
2032,neu
2033,neu
2034,neu
2035,neu
2036,neu
2037,sad
2038,sad
2039,sad
2040,sad
2041,sad
2042,sad
2043,sad
2044,sad
2045,sad
2046,sad
2047,sad
2048,sad
2049,sad
2050,sad
2051,sad
2052,neu
2053,neu
2054,neu
2055,neu
2056,neu
2057,neu
2058,neu
2059,neu
2060,neu
2061,neu
2062,neu
2063,neu
2064,neu
2065,neu
2066,neu
2067,neu
2068,neu
2069,neu
2070,neu
2071,neu
2072,xxx
2073,exc
2074,exc
2075,exc
2076,exc
2077,exc
2078,exc
2079,exc
2080,exc
2081,exc
2082,exc
2083,exc
2084,exc
2085,exc
2086,exc
2087,exc
2088,exc
2089,exc
2090,exc
2091,exc
2092,exc
2093,exc
2094,exc
2095,exc
2096,exc
2097,exc
2098,exc
2099,exc
2100,exc
2101,exc
2102,exc
2103,exc
2104,exc
2105,exc
2106,exc
2107,exc
2108,exc
2109,exc
2110,neu
2111,exc
2112,exc
2113,exc
2114,exc
2115,exc
2116,exc
2117,exc
2118,exc
2119,exc
2120,exc
2121,exc
2122,xxx
2123,xxx
2124,xxx
2125,xxx
2126,neu
2127,exc
2128,hap
2129,hap
2130,xxx
2131,xxx
2132,xxx
2133,exc
2134,xxx
2135,xxx
2136,xxx
2137,exc
2138,exc
2139,exc
2140,xxx
2141,xxx
2142,xxx
2143,xxx
2144,exc
2145,xxx
2146,neu
2147,neu
2148,neu
2149,neu
2150,neu
2151,neu
2152,neu
2153,neu
2154,neu
2155,neu
2156,neu
2157,neu
2158,neu
2159,neu
2160,neu
2161,neu
2162,neu
2163,neu
2164,neu
2165,neu
2166,neu
2167,neu
2168,neu
2169,neu
2170,neu
2171,neu
2172,neu
2173,neu
2174,fru
2175,fru
2176,fru
2177,neu
2178,fru
2179,neu
2180,neu
2181,neu
2182,neu
2183,neu
2184,neu
2185,neu
2186,neu
2187,neu
2188,xxx
2189,neu
2190,neu
2191,xxx
2192,neu
2193,neu
2194,xxx
2195,xxx
2196,xxx
2197,xxx
2198,sad
2199,sad
2200,sad
2201,xxx
2202,xxx
2203,xxx
2204,xxx
2205,fru
2206,fru
2207,fru
2208,fru
2209,xxx
2210,xxx
2211,sad
2212,neu
2213,ang
2214,xxx
2215,neu
2216,xxx
2217,fru
2218,fru
2219,neu
2220,neu
2221,neu
2222,sad
2223,fru
2224,fru
2225,fru
2226,fru
2227,fru
2228,fru
2229,sur
2230,ang
2231,ang
2232,ang
2233,xxx
2234,ang
2235,xxx
2236,fru
2237,fru
2238,sad
2239,xxx
2240,xxx
2241,xxx
2242,xxx
2243,xxx
2244,xxx
2245,xxx
2246,xxx
2247,xxx
2248,xxx
2249,xxx
2250,ang
2251,fru
2252,ang
2253,xxx
2254,fru
2255,xxx
2256,neu
2257,fru
2258,fru
2259,fru
2260,ang
2261,xxx
2262,ang
2263,fru
2264,ang
2265,xxx
2266,sad
2267,xxx
2268,neu
2269,xxx
2270,fru
2271,fru
2272,fru
2273,xxx
2274,xxx
2275,ang
2276,ang
2277,ang
2278,xxx
2279,neu
2280,xxx
2281,fru
2282,neu
2283,neu
2284,xxx
2285,xxx
2286,xxx
2287,xxx
2288,oth
2289,ang
2290,xxx
2291,xxx
2292,fru
2293,fru
2294,xxx
2295,fru
2296,ang
2297,ang
2298,fru
2299,fru
2300,fru
2301,fru
2302,fru
2303,xxx
2304,neu
2305,neu
2306,xxx
2307,neu
2308,neu
2309,neu
2310,neu
2311,neu
2312,fru
2313,fru
2314,fru
2315,fru
2316,fru
2317,fru
2318,xxx
2319,ang
2320,ang
2321,ang
2322,xxx
2323,xxx
2324,xxx
2325,xxx
2326,xxx
2327,xxx
2328,xxx
2329,xxx
2330,xxx
2331,sad
2332,xxx
2333,xxx
2334,hap
2335,hap
2336,hap
2337,xxx
2338,hap
2339,xxx
2340,xxx
2341,xxx
2342,sad
2343,sad
2344,sad
2345,sad
2346,sad
2347,sad
2348,sad
2349,xxx
2350,xxx
2351,hap
2352,xxx
2353,neu
2354,xxx
2355,xxx
2356,xxx
2357,xxx
2358,xxx
2359,xxx
2360,xxx
2361,xxx
2362,exc
2363,xxx
2364,xxx
2365,xxx
2366,xxx
2367,xxx
2368,xxx
2369,xxx
2370,xxx
2371,xxx
2372,sad
2373,sad
2374,sad
2375,sad
2376,sad
2377,sad
2378,sad
2379,sad
2380,sad
2381,sad
2382,sad
2383,sad
2384,sad
2385,sad
2386,sad
2387,xxx
2388,xxx
2389,xxx
2390,neu
2391,xxx
2392,xxx
2393,xxx
2394,neu
2395,xxx
2396,fru
2397,xxx
2398,xxx
2399,xxx
2400,xxx
2401,xxx
2402,fru
2403,fru
2404,fru
2405,fru
2406,xxx
2407,fru
2408,neu
2409,xxx
2410,neu
2411,xxx
2412,exc
2413,exc
2414,exc
2415,exc
2416,exc
2417,exc
2418,exc
2419,xxx
2420,xxx
2421,neu
2422,neu
2423,xxx
2424,neu
2425,neu
2426,exc
2427,exc
2428,exc
2429,neu
2430,xxx
2431,neu
2432,neu
2433,neu
2434,xxx
2435,xxx
2436,exc
2437,exc
2438,exc
2439,fru
2440,exc
2441,xxx
2442,xxx
2443,neu
2444,xxx
2445,neu
2446,xxx
2447,exc
2448,exc
2449,xxx
2450,xxx
2451,exc
2452,exc
2453,exc
2454,exc
2455,neu
2456,neu
2457,neu
2458,fru
2459,xxx
2460,xxx
2461,xxx
2462,ang
2463,ang
2464,fru
2465,fru
2466,fru
2467,fru
2468,ang
2469,fru
2470,fru
2471,xxx
2472,sad
2473,sad
2474,sad
2475,sad
2476,sad
2477,sad
2478,sad
2479,sad
2480,xxx
2481,sad
2482,fru
2483,fru
2484,fru
2485,xxx
2486,xxx
2487,xxx
2488,sad
2489,xxx
2490,sad
2491,sad
2492,sad
2493,xxx
2494,xxx
2495,sad
2496,xxx
2497,xxx
2498,hap
2499,hap
2500,hap
2501,sad
2502,hap
2503,exc
2504,neu
2505,neu
2506,neu
2507,xxx
2508,neu
2509,fru
2510,neu
2511,fru
2512,neu
2513,neu
2514,fru
2515,fru
2516,neu
2517,fru
2518,xxx
2519,neu
2520,neu
2521,neu
2522,neu
2523,neu
2524,neu
2525,neu
2526,neu
2527,fru
2528,fru
2529,fru
2530,fru
2531,fru
2532,ang
2533,xxx
2534,sad
2535,fru
2536,neu
2537,neu
2538,sad
2539,sad
2540,sad
2541,sad
2542,sur
2543,xxx
2544,hap
2545,hap
2546,hap
2547,xxx
2548,hap
2549,hap
2550,fea
2551,fea
2552,fea
2553,xxx
2554,xxx
2555,exc
2556,hap
2557,hap
2558,hap
2559,hap
2560,hap
2561,xxx
2562,neu
2563,neu
2564,neu
2565,neu
2566,neu
2567,neu
2568,xxx
2569,hap
2570,hap
2571,hap
2572,hap
2573,hap
2574,hap
2575,hap
2576,hap
2577,neu
2578,hap
2579,exc
2580,xxx
2581,xxx
2582,neu
2583,xxx
2584,xxx
2585,neu
2586,neu
2587,xxx
2588,neu
2589,neu
2590,neu
2591,neu
2592,xxx
2593,neu
2594,neu
2595,neu
2596,neu
2597,neu
2598,neu
2599,neu
2600,exc
2601,exc
2602,neu
2603,exc
2604,exc
2605,neu
2606,neu
2607,neu
2608,xxx
2609,neu
2610,neu
2611,xxx
2612,neu
2613,exc
2614,neu
2615,neu
2616,xxx
2617,xxx
2618,xxx
2619,xxx
2620,xxx
2621,xxx
2622,xxx
2623,neu
2624,xxx
2625,xxx
2626,xxx
2627,neu
2628,neu
2629,ang
2630,ang
2631,xxx
2632,exc
2633,fru
2634,ang
2635,fru
2636,ang
2637,xxx
2638,fru
2639,xxx
2640,fru
2641,ang
2642,fru
2643,xxx
2644,fru
2645,ang
2646,fru
2647,ang
2648,fru
2649,xxx
2650,ang
2651,ang
2652,ang
2653,ang
2654,ang
2655,ang
2656,ang
2657,ang
2658,ang
2659,ang
2660,neu
2661,neu
2662,xxx
2663,xxx
2664,xxx
2665,xxx
2666,ang
2667,ang
2668,xxx
2669,neu
2670,xxx
2671,neu
2672,fru
2673,ang
2674,xxx
2675,fru
2676,xxx
2677,xxx
2678,xxx
2679,fru
2680,xxx
2681,fru
2682,fru
2683,fru
2684,xxx
2685,xxx
2686,xxx
2687,ang
2688,fru
2689,fru
2690,ang
2691,xxx
2692,xxx
2693,fru
2694,fru
2695,fru
2696,ang
2697,ang
2698,ang
2699,ang
2700,fru
2701,ang
2702,ang
2703,ang
2704,ang
2705,ang
2706,ang
2707,ang
2708,neu
2709,neu
2710,neu
2711,neu
2712,neu
2713,neu
2714,neu
2715,fru
2716,fru
2717,fru
2718,fru
2719,fru
2720,fru
2721,fru
2722,fru
2723,neu
2724,neu
2725,fru
2726,fru
2727,fru
2728,fru
2729,fru
2730,fru
2731,fru
2732,fru
2733,fru
2734,neu
2735,neu
2736,neu
2737,neu
2738,neu
2739,fru
2740,ang
2741,ang
2742,ang
2743,ang
2744,ang
2745,fru
2746,fru
2747,fru
2748,fru
2749,xxx
2750,fru
2751,ang
2752,ang
2753,fru
2754,fru
2755,fru
2756,sad
2757,sad
2758,sad
2759,sad
2760,sad
2761,sad
2762,sad
2763,sad
2764,sad
2765,sad
2766,sad
2767,fru
2768,sad
2769,sad
2770,sad
2771,sad
2772,sad
2773,sad
2774,fru
2775,xxx
2776,xxx
2777,xxx
2778,sad
2779,sad
2780,sad
2781,xxx
2782,xxx
2783,xxx
2784,sad
2785,neu
2786,xxx
2787,xxx
2788,sad
2789,sad
2790,exc
2791,exc
2792,xxx
2793,exc
2794,exc
2795,exc
2796,xxx
2797,exc
2798,exc
2799,xxx
2800,xxx
2801,exc
2802,exc
2803,exc
2804,exc
2805,exc
2806,exc
2807,exc
2808,exc
2809,xxx
2810,exc
2811,xxx
2812,xxx
2813,exc
2814,exc
2815,xxx
2816,xxx
2817,xxx
2818,exc
2819,exc
2820,exc
2821,xxx
2822,xxx
2823,xxx
2824,exc
2825,xxx
2826,xxx
2827,exc
2828,exc
2829,hap
2830,hap
2831,hap
2832,xxx
2833,hap
2834,hap
2835,exc
2836,hap
2837,exc
2838,exc
2839,exc
2840,hap
2841,xxx
2842,xxx
2843,exc
2844,xxx
2845,exc
2846,hap
2847,hap
2848,xxx
2849,exc
2850,hap
2851,neu
2852,neu
2853,neu
2854,neu
2855,neu
2856,neu
2857,neu
2858,neu
2859,neu
2860,sad
2861,neu
2862,neu
2863,neu
2864,xxx
2865,neu
2866,neu
2867,neu
2868,xxx
2869,fru
2870,fru
2871,fru
2872,fru
2873,fru
2874,fru
2875,fru
2876,fru
2877,xxx
2878,fru
2879,fru
2880,fru
2881,fru
2882,fru
2883,sad
2884,fru
2885,fru
2886,fru
2887,fru
2888,ang
2889,fru
2890,xxx
2891,sad
2892,neu
2893,neu
2894,neu
2895,neu
2896,neu
2897,neu
2898,neu
2899,neu
2900,neu
2901,neu
2902,neu
2903,neu
2904,neu
2905,neu
2906,neu
2907,neu
2908,neu
2909,neu
2910,neu
2911,neu
2912,neu
2913,neu
2914,fru
2915,neu
2916,neu
2917,neu
2918,neu
2919,xxx
2920,fru
2921,fru
2922,xxx
2923,neu
2924,neu
2925,neu
2926,neu
2927,sur
2928,xxx
2929,fru
2930,xxx
2931,fru
2932,xxx
2933,fru
2934,fru
2935,xxx
2936,ang
2937,fru
2938,xxx
2939,ang
2940,fru
2941,ang
2942,fru
2943,fru
2944,fru
2945,xxx
2946,fru
2947,fru
2948,ang
2949,ang
2950,fru
2951,fru
2952,xxx
2953,sur
2954,sad
2955,sad
2956,sad
2957,sad
2958,sad
2959,sad
2960,sad
2961,sad
2962,sad
2963,sad
2964,sad
2965,sad
2966,sad
2967,sad
2968,sad
2969,sad
2970,sad
2971,sad
2972,sad
2973,sad
2974,sad
2975,sad
2976,sad
2977,sad
2978,sad
2979,sad
2980,sad
2981,sad
2982,sad
2983,sad
2984,sad
2985,sad
2986,sad
2987,sad
2988,sad
2989,sad
2990,sad
2991,sad
2992,sad
2993,sad
2994,sad
2995,exc
2996,exc
2997,sur
2998,exc
2999,exc
3000,exc
3001,exc
3002,exc
3003,exc
3004,exc
3005,exc
3006,exc
3007,exc
3008,exc
3009,hap
3010,hap
3011,hap
3012,hap
3013,hap
3014,hap
3015,hap
3016,hap
3017,exc
3018,exc
3019,hap
3020,exc
3021,exc
3022,exc
3023,hap
3024,hap
3025,xxx
3026,xxx
3027,exc
3028,xxx
3029,xxx
3030,xxx
3031,exc
3032,exc
3033,exc
3034,hap
3035,hap
3036,hap
3037,xxx
3038,exc
3039,exc
3040,exc
3041,xxx
3042,exc
3043,exc
3044,exc
3045,exc
3046,exc
3047,exc
3048,hap
3049,hap
3050,hap
3051,hap
3052,xxx
3053,xxx
3054,exc
3055,hap
3056,exc
3057,exc
3058,exc
3059,exc
3060,exc
3061,fru
3062,fru
3063,fru
3064,neu
3065,neu
3066,neu
3067,fru
3068,neu
3069,fru
3070,xxx
3071,xxx
3072,xxx
3073,xxx
3074,fru
3075,xxx
3076,fea
3077,neu
3078,sur
3079,xxx
3080,xxx
3081,hap
3082,hap
3083,neu
3084,neu
3085,neu
3086,hap
3087,xxx
3088,hap
3089,neu
3090,xxx
3091,neu
3092,neu
3093,neu
3094,neu
3095,xxx
3096,neu
3097,neu
3098,neu
3099,neu
3100,neu
3101,neu
3102,neu
3103,neu
3104,neu
3105,neu
3106,neu
3107,neu
3108,neu
3109,neu
3110,neu
3111,neu
3112,neu
3113,neu
3114,neu
3115,neu
3116,neu
3117,neu
3118,neu
3119,neu
3120,neu
3121,xxx
3122,xxx
3123,xxx
3124,xxx
3125,xxx
3126,xxx
3127,xxx
3128,xxx
3129,xxx
3130,xxx
3131,fru
3132,fru
3133,fru
3134,fru
3135,xxx
3136,neu
3137,xxx
3138,fru
3139,neu
3140,fru
3141,xxx
3142,neu
3143,fru
3144,neu
3145,fru
3146,neu
3147,ang
3148,ang
3149,fru
3150,fru
3151,fru
3152,xxx
3153,ang
3154,ang
3155,ang
3156,ang
3157,ang
3158,ang
3159,xxx
3160,fru
3161,fru
3162,sad
3163,xxx
3164,xxx
3165,xxx
3166,sad
3167,sad
3168,sad
3169,xxx
3170,xxx
3171,xxx
3172,fru
3173,fru
3174,fru
3175,ang
3176,ang
3177,xxx
3178,fru
3179,neu
3180,neu
3181,neu
3182,fru
3183,fru
3184,ang
3185,xxx
3186,fru
3187,ang
3188,ang
3189,neu
3190,neu
3191,sad
3192,fru
3193,fru
3194,fru
3195,xxx
3196,xxx
3197,xxx
3198,sad
3199,sad
3200,ang
3201,ang
3202,ang
3203,xxx
3204,sad
3205,fru
3206,fru
3207,fru
3208,xxx
3209,ang
3210,ang
3211,ang
3212,ang
3213,xxx
3214,ang
3215,ang
3216,fru
3217,fru
3218,fru
3219,ang
3220,fru
3221,xxx
3222,sad
3223,fru
3224,fru
3225,fru
3226,fru
3227,xxx
3228,neu
3229,fru
3230,fru
3231,neu
3232,neu
3233,xxx
3234,neu
3235,fru
3236,fru
3237,fru
3238,fru
3239,fru
3240,fru
3241,fru
3242,xxx
3243,ang
3244,ang
3245,fru
3246,xxx
3247,hap
3248,hap
3249,hap
3250,xxx
3251,xxx
3252,xxx
3253,hap
3254,neu
3255,hap
3256,xxx
3257,xxx
3258,hap
3259,hap
3260,xxx
3261,xxx
3262,xxx
3263,xxx
3264,xxx
3265,sad
3266,xxx
3267,sad
3268,xxx
3269,xxx
3270,xxx
3271,sad
3272,sad
3273,sad
3274,hap
3275,hap
3276,xxx
3277,xxx
3278,xxx
3279,sur
3280,fru
3281,xxx
3282,xxx
3283,xxx
3284,xxx
3285,exc
3286,xxx
3287,xxx
3288,sur
3289,exc
3290,exc
3291,xxx
3292,xxx
3293,xxx
3294,xxx
3295,sad
3296,sad
3297,sad
3298,xxx
3299,xxx
3300,sad
3301,sad
3302,sad
3303,sad
3304,sad
3305,sad
3306,sad
3307,sad
3308,sad
3309,sad
3310,sad
3311,neu
3312,xxx
3313,neu
3314,neu
3315,fru
3316,fru
3317,fru
3318,neu
3319,neu
3320,fru
3321,fru
3322,fru
3323,fru
3324,neu
3325,fru
3326,fru
3327,fru
3328,fru
3329,sad
3330,neu
3331,ang
3332,fru
3333,neu
3334,neu
3335,fru
3336,exc
3337,exc
3338,xxx
3339,exc
3340,exc
3341,exc
3342,exc
3343,fru
3344,fru
3345,xxx
3346,xxx
3347,xxx
3348,xxx
3349,exc
3350,exc
3351,exc
3352,exc
3353,xxx
3354,fru
3355,xxx
3356,xxx
3357,xxx
3358,sur
3359,exc
3360,exc
3361,exc
3362,exc
3363,fru
3364,exc
3365,exc
3366,sur
3367,xxx
3368,fru
3369,xxx
3370,fru
3371,exc
3372,exc
3373,exc
3374,exc
3375,exc
3376,exc
3377,exc
3378,exc
3379,xxx
3380,xxx
3381,xxx
3382,fru
3383,xxx
3384,xxx
3385,xxx
3386,ang
3387,ang
3388,fru
3389,fru
3390,fru
3391,fru
3392,ang
3393,fru
3394,ang
3395,fru
3396,sad
3397,sad
3398,sad
3399,sad
3400,sad
3401,sad
3402,sad
3403,sad
3404,xxx
3405,xxx
3406,fru
3407,fru
3408,fru
3409,fru
3410,fru
3411,fru
3412,sad
3413,fru
3414,xxx
3415,sad
3416,xxx
3417,xxx
3418,hap
3419,sad
3420,xxx
3421,xxx
3422,xxx
3423,hap
3424,xxx
3425,sad
3426,hap
3427,neu
3428,neu
3429,neu
3430,neu
3431,xxx
3432,xxx
3433,fru
3434,fru
3435,fru
3436,fru
3437,fru
3438,neu
3439,fru
3440,fru
3441,xxx
3442,fru
3443,neu
3444,neu
3445,neu
3446,xxx
3447,exc
3448,exc
3449,neu
3450,neu
3451,neu
3452,xxx
3453,neu
3454,fru
3455,fru
3456,fru
3457,ang
3458,xxx
3459,fru
3460,fru
3461,xxx
3462,xxx
3463,sad
3464,xxx
3465,sad
3466,sad
3467,xxx
3468,hap
3469,hap
3470,hap
3471,xxx
3472,xxx
3473,hap
3474,hap
3475,xxx
3476,xxx
3477,exc
3478,hap
3479,xxx
3480,exc
3481,hap
3482,hap
3483,xxx
3484,xxx
3485,xxx
3486,xxx
3487,exc
3488,xxx
3489,xxx
3490,sad
3491,fea
3492,xxx
3493,xxx
3494,xxx
3495,xxx
3496,hap
3497,hap
3498,hap
3499,hap
3500,hap
3501,xxx
3502,hap
3503,hap
3504,hap
3505,fea
3506,xxx
3507,fea
3508,fea
3509,xxx
3510,exc
3511,fea
3512,hap
3513,hap
3514,sad
3515,hap
3516,hap
3517,exc
3518,xxx
3519,exc
3520,exc
3521,sad
3522,xxx
3523,exc
3524,exc
3525,exc
3526,exc
3527,exc
3528,xxx
3529,hap
3530,xxx
3531,xxx
3532,xxx
3533,xxx
3534,hap
3535,xxx
3536,hap
3537,xxx
3538,xxx
3539,exc
3540,exc
3541,neu
3542,neu
3543,xxx
3544,neu
3545,neu
3546,neu
3547,fru
3548,neu
3549,xxx
3550,neu
3551,neu
3552,xxx
3553,ang
3554,neu
3555,xxx
3556,xxx
3557,fru
3558,ang
3559,xxx
3560,xxx
3561,xxx
3562,ang
3563,neu
3564,xxx
3565,xxx
3566,xxx
3567,ang
3568,xxx
3569,xxx
3570,xxx
3571,xxx
3572,xxx
3573,fru
3574,ang
3575,ang
3576,ang
3577,ang
3578,ang
3579,ang
3580,ang
3581,ang
3582,neu
3583,ang
3584,xxx
3585,ang
3586,xxx
3587,ang
3588,xxx
3589,ang
3590,xxx
3591,xxx
3592,neu
3593,neu
3594,neu
3595,xxx
3596,xxx
3597,fru
3598,neu
3599,xxx
3600,neu
3601,xxx
3602,xxx
3603,fru
3604,fru
3605,fru
3606,neu
3607,xxx
3608,ang
3609,ang
3610,xxx
3611,xxx
3612,xxx
3613,ang
3614,neu
3615,neu
3616,xxx
3617,xxx
3618,xxx
3619,fru
3620,xxx
3621,ang
3622,ang
3623,ang
3624,ang
3625,ang
3626,ang
3627,ang
3628,ang
3629,ang
3630,xxx
3631,xxx
3632,neu
3633,fru
3634,fru
3635,fru
3636,fru
3637,fru
3638,fru
3639,fru
3640,xxx
3641,fru
3642,xxx
3643,neu
3644,neu
3645,neu
3646,neu
3647,neu
3648,fru
3649,fru
3650,fru
3651,fru
3652,xxx
3653,xxx
3654,neu
3655,neu
3656,xxx
3657,xxx
3658,xxx
3659,exc
3660,xxx
3661,exc
3662,sad
3663,xxx
3664,sad
3665,sad
3666,sad
3667,xxx
3668,fru
3669,sad
3670,fru
3671,fru
3672,sad
3673,sad
3674,sad
3675,sad
3676,fru
3677,sad
3678,sad
3679,sad
3680,sad
3681,sad
3682,sad
3683,sad
3684,xxx
3685,sad
3686,sad
3687,xxx
3688,sad
3689,sad
3690,sad
3691,sad
3692,sad
3693,sad
3694,sad
3695,sad
3696,sad
3697,sad
3698,neu
3699,hap
3700,xxx
3701,xxx
3702,sur
3703,sur
3704,fru
3705,ang
3706,xxx
3707,fru
3708,fru
3709,fru
3710,fru
3711,xxx
3712,sad
3713,fru
3714,sad
3715,sad
3716,sad
3717,sad
3718,sad
3719,sad
3720,fru
3721,xxx
3722,sad
3723,sad
3724,xxx
3725,ang
3726,sad
3727,sad
3728,xxx
3729,sad
3730,xxx
3731,xxx
3732,xxx
3733,xxx
3734,exc
3735,exc
3736,exc
3737,exc
3738,exc
3739,exc
3740,xxx
3741,exc
3742,exc
3743,exc
3744,hap
3745,hap
3746,exc
3747,exc
3748,hap
3749,hap
3750,hap
3751,hap
3752,xxx
3753,xxx
3754,exc
3755,exc
3756,exc
3757,exc
3758,xxx
3759,xxx
3760,exc
3761,exc
3762,exc
3763,xxx
3764,sur
3765,exc
3766,xxx
3767,xxx
3768,xxx
3769,xxx
3770,hap
3771,xxx
3772,xxx
3773,xxx
3774,xxx
3775,xxx
3776,exc
3777,fru
3778,fru
3779,sad
3780,fru
3781,fru
3782,fru
3783,fru
3784,fru
3785,fru
3786,fru
3787,fru
3788,sur
3789,fru
3790,fru
3791,fru
3792,xxx
3793,xxx
3794,fru
3795,fru
3796,xxx
3797,xxx
3798,fru
3799,sad
3800,sad
3801,sad
3802,xxx
3803,fru
3804,neu
3805,neu
3806,neu
3807,neu
3808,neu
3809,neu
3810,neu
3811,neu
3812,neu
3813,neu
3814,neu
3815,neu
3816,neu
3817,neu
3818,neu
3819,neu
3820,neu
3821,neu
3822,neu
3823,neu
3824,xxx
3825,fru
3826,fru
3827,ang
3828,fru
3829,fru
3830,ang
3831,fru
3832,ang
3833,ang
3834,ang
3835,ang
3836,ang
3837,fru
3838,fru
3839,xxx
3840,ang
3841,ang
3842,ang
3843,fru
3844,fru
3845,fru
3846,neu
3847,fru
3848,fru
3849,fru
3850,xxx
3851,neu
3852,neu
3853,fru
3854,neu
3855,fru
3856,neu
3857,neu
3858,sad
3859,sad
3860,sad
3861,sad
3862,sad
3863,sad
3864,sad
3865,sad
3866,sad
3867,sad
3868,sad
3869,sad
3870,sad
3871,sad
3872,sad
3873,sad
3874,sad
3875,sad
3876,sad
3877,sad
3878,sad
3879,sad
3880,sad
3881,sad
3882,sad
3883,sad
3884,sad
3885,sad
3886,sad
3887,sad
3888,sad
3889,sad
3890,sad
3891,sad
3892,sad
3893,sad
3894,neu
3895,neu
3896,sad
3897,neu
3898,sad
3899,sad
3900,sad
3901,sad
3902,sad
3903,sad
3904,sad
3905,sad
3906,sad
3907,sad
3908,sad
3909,sad
3910,sad
3911,xxx
3912,hap
3913,xxx
3914,sur
3915,hap
3916,hap
3917,xxx
3918,exc
3919,exc
3920,exc
3921,xxx
3922,exc
3923,hap
3924,hap
3925,exc
3926,neu
3927,exc
3928,hap
3929,xxx
3930,hap
3931,exc
3932,exc
3933,exc
3934,hap
3935,xxx
3936,hap
3937,exc
3938,exc
3939,exc
3940,exc
3941,xxx
3942,neu
3943,hap
3944,xxx
3945,hap
3946,hap
3947,neu
3948,neu
3949,xxx
3950,neu
3951,neu
3952,xxx
3953,xxx
3954,xxx
3955,exc
3956,sur
3957,xxx
3958,exc
3959,neu
3960,exc
3961,exc
3962,exc
3963,xxx
3964,sur
3965,sur
3966,exc
3967,xxx
3968,neu
3969,exc
3970,neu
3971,xxx
3972,neu
3973,exc
3974,exc
3975,exc
3976,exc
3977,xxx
3978,xxx
3979,exc
3980,neu
3981,hap
3982,hap
3983,neu
3984,neu
3985,neu
3986,neu
3987,neu
3988,neu
3989,neu
3990,neu
3991,neu
3992,neu
3993,neu
3994,neu
3995,neu
3996,neu
3997,neu
3998,neu
3999,neu
4000,fru
4001,fru
4002,fru
4003,neu
4004,neu
4005,neu
4006,neu
4007,neu
4008,neu
4009,neu
4010,neu
4011,neu
4012,neu
4013,ang
4014,xxx
4015,xxx
4016,xxx
4017,fru
4018,xxx
4019,ang
4020,ang
4021,ang
4022,ang
4023,ang
4024,ang
4025,ang
4026,xxx
4027,ang
4028,ang
4029,fru
4030,fru
4031,fru
4032,fru
4033,xxx
4034,neu
4035,xxx
4036,xxx
4037,xxx
4038,xxx
4039,fru
4040,xxx
4041,xxx
4042,xxx
4043,xxx
4044,neu
4045,neu
4046,xxx
4047,neu
4048,xxx
4049,xxx
4050,neu
4051,fru
4052,fru
4053,fru
4054,neu
4055,xxx
4056,xxx
4057,ang
4058,fru
4059,neu
4060,xxx
4061,neu
4062,fru
4063,fru
4064,fru
4065,fru
4066,fru
4067,xxx
4068,fru
4069,fru
4070,neu
4071,neu
4072,fru
4073,xxx
4074,fru
4075,fru
4076,fru
4077,fru
4078,fru
4079,fru
4080,fru
4081,xxx
4082,xxx
4083,fru
4084,fru
4085,neu
4086,neu
4087,fru
4088,fru
4089,fru
4090,neu
4091,xxx
4092,neu
4093,neu
4094,neu
4095,neu
4096,neu
4097,neu
4098,neu
4099,neu
4100,neu
4101,neu
4102,neu
4103,neu
4104,xxx
4105,fru
4106,fru
4107,fru
4108,fru
4109,fru
4110,neu
4111,neu
4112,neu
4113,fru
4114,neu
4115,ang
4116,ang
4117,xxx
4118,xxx
4119,xxx
4120,sad
4121,ang
4122,neu
4123,neu
4124,neu
4125,neu
4126,fru
4127,fru
4128,neu
4129,fru
4130,neu
4131,fru
4132,fru
4133,fru
4134,xxx
4135,neu
4136,neu
4137,xxx
4138,fru
4139,ang
4140,ang
4141,neu
4142,neu
4143,neu
4144,neu
4145,fru
4146,neu
4147,neu
4148,ang
4149,ang
4150,ang
4151,xxx
4152,ang
4153,xxx
4154,ang
4155,xxx
4156,xxx
4157,xxx
4158,xxx
4159,sad
4160,xxx
4161,ang
4162,xxx
4163,ang
4164,ang
4165,xxx
4166,sad
4167,xxx
4168,sad
4169,sad
4170,xxx
4171,neu
4172,xxx
4173,neu
4174,neu
4175,fru
4176,neu
4177,neu
4178,neu
4179,neu
4180,fru
4181,ang
4182,fru
4183,ang
4184,ang
4185,ang
4186,ang
4187,ang
4188,ang
4189,hap
4190,hap
4191,hap
4192,sad
4193,xxx
4194,fru
4195,xxx
4196,xxx
4197,sad
4198,xxx
4199,xxx
4200,hap
4201,hap
4202,hap
4203,hap
4204,xxx
4205,xxx
4206,xxx
4207,hap
4208,xxx
4209,xxx
4210,hap
4211,xxx
4212,hap
4213,xxx
4214,sad
4215,sad
4216,sad
4217,sad
4218,sad
4219,sad
4220,sad
4221,sad
4222,sad
4223,xxx
4224,hap
4225,hap
4226,neu
4227,xxx
4228,neu
4229,neu
4230,xxx
4231,hap
4232,xxx
4233,xxx
4234,hap
4235,hap
4236,hap
4237,hap
4238,hap
4239,hap
4240,hap
4241,xxx
4242,sur
4243,hap
4244,hap
4245,hap
4246,hap
4247,xxx
4248,hap
4249,hap
4250,sad
4251,neu
4252,sad
4253,sad
4254,sad
4255,sad
4256,sad
4257,sad
4258,sad
4259,sad
4260,sad
4261,sad
4262,sad
4263,sad
4264,sad
4265,sad
4266,sad
4267,sad
4268,sad
4269,xxx
4270,hap
4271,hap
4272,sad
4273,xxx
4274,xxx
4275,ang
4276,xxx
4277,xxx
4278,xxx
4279,xxx
4280,xxx
4281,xxx
4282,sad
4283,sad
4284,ang
4285,fru
4286,fru
4287,xxx
4288,xxx
4289,fru
4290,fru
4291,xxx
4292,xxx
4293,xxx
4294,exc
4295,exc
4296,exc
4297,exc
4298,exc
4299,exc
4300,exc
4301,xxx
4302,xxx
4303,exc
4304,exc
4305,exc
4306,xxx
4307,exc
4308,exc
4309,exc
4310,exc
4311,neu
4312,sur
4313,neu
4314,neu
4315,exc
4316,neu
4317,neu
4318,xxx
4319,xxx
4320,xxx
4321,xxx
4322,xxx
4323,xxx
4324,sur
4325,xxx
4326,xxx
4327,xxx
4328,fru
4329,xxx
4330,exc
4331,xxx
4332,exc
4333,exc
4334,exc
4335,exc
4336,exc
4337,xxx
4338,neu
4339,neu
4340,xxx
4341,xxx
4342,xxx
4343,xxx
4344,ang
4345,fru
4346,xxx
4347,fru
4348,xxx
4349,xxx
4350,xxx
4351,ang
4352,fru
4353,fru
4354,fru
4355,sad
4356,sad
4357,sad
4358,hap
4359,hap
4360,hap
4361,sad
4362,hap
4363,sad
4364,sad
4365,sad
4366,sad
4367,sad
4368,fru
4369,fru
4370,ang
4371,fru
4372,fru
4373,fru
4374,ang
4375,sad
4376,xxx
4377,sad
4378,sad
4379,sad
4380,fru
4381,fru
4382,hap
4383,hap
4384,hap
4385,xxx
4386,xxx
4387,hap
4388,xxx
4389,hap
4390,sad
4391,xxx
4392,xxx
4393,neu
4394,fru
4395,fru
4396,fru
4397,neu
4398,fru
4399,fru
4400,neu
4401,fru
4402,fru
4403,fru
4404,fru
4405,fru
4406,fru
4407,fru
4408,neu
4409,xxx
4410,xxx
4411,xxx
4412,xxx
4413,xxx
4414,fru
4415,fru
4416,fru
4417,fru
4418,ang
4419,fru
4420,xxx
4421,fru
4422,fru
4423,fru
4424,fru
4425,fru
4426,fru
4427,fru
4428,xxx
4429,sur
4430,hap
4431,hap
4432,hap
4433,hap
4434,neu
4435,neu
4436,hap
4437,hap
4438,neu
4439,neu
4440,fea
4441,fea
4442,xxx
4443,xxx
4444,xxx
4445,xxx
4446,xxx
4447,exc
4448,xxx
4449,xxx
4450,xxx
4451,xxx
4452,sad
4453,sad
4454,xxx
4455,xxx
4456,xxx
4457,exc
4458,xxx
4459,hap
4460,xxx
4461,xxx
4462,xxx
4463,hap
4464,hap
4465,exc
4466,xxx
4467,xxx
4468,xxx
4469,xxx
4470,xxx
4471,neu
4472,neu
4473,xxx
4474,exc
4475,xxx
4476,xxx
4477,xxx
4478,exc
4479,xxx
4480,exc
4481,xxx
4482,xxx
4483,xxx
4484,xxx
4485,xxx
4486,xxx
4487,exc
4488,xxx
4489,exc
4490,xxx
4491,xxx
4492,xxx
4493,xxx
4494,exc
4495,xxx
4496,xxx
4497,xxx
4498,xxx
4499,xxx
4500,xxx
4501,xxx
4502,xxx
4503,neu
4504,xxx
4505,xxx
4506,xxx
4507,neu
4508,xxx
4509,xxx
4510,xxx
4511,xxx
4512,neu
4513,ang
4514,ang
4515,xxx
4516,neu
4517,ang
4518,xxx
4519,xxx
4520,fru
4521,fru
4522,ang
4523,xxx
4524,fru
4525,ang
4526,fru
4527,xxx
4528,fru
4529,fru
4530,xxx
4531,xxx
4532,xxx
4533,xxx
4534,ang
4535,xxx
4536,ang
4537,ang
4538,ang
4539,ang
4540,ang
4541,ang
4542,ang
4543,ang
4544,ang
4545,ang
4546,xxx
4547,xxx
4548,ang
4549,xxx
4550,ang
4551,ang
4552,neu
4553,neu
4554,neu
4555,neu
4556,xxx
4557,ang
4558,ang
4559,ang
4560,ang
4561,xxx
4562,xxx
4563,ang
4564,xxx
4565,xxx
4566,xxx
4567,ang
4568,xxx
4569,ang
4570,ang
4571,ang
4572,ang
4573,ang
4574,xxx
4575,xxx
4576,xxx
4577,ang
4578,neu
4579,xxx
4580,xxx
4581,ang
4582,ang
4583,ang
4584,ang
4585,ang
4586,ang
4587,ang
4588,neu
4589,xxx
4590,fru
4591,neu
4592,fru
4593,fru
4594,fru
4595,fru
4596,fru
4597,fru
4598,xxx
4599,xxx
4600,fru
4601,xxx
4602,xxx
4603,xxx
4604,fru
4605,fru
4606,fru
4607,fru
4608,fru
4609,fru
4610,ang
4611,xxx
4612,fru
4613,ang
4614,fru
4615,fru
4616,xxx
4617,xxx
4618,ang
4619,fru
4620,fru
4621,fru
4622,fru
4623,fru
4624,fru
4625,ang
4626,ang
4627,fru
4628,ang
4629,ang
4630,fru
4631,ang
4632,fru
4633,ang
4634,fru
4635,fru
4636,fru
4637,ang
4638,xxx
4639,xxx
4640,fru
4641,xxx
4642,ang
4643,ang
4644,hap
4645,xxx
4646,xxx
4647,hap
4648,sur
4649,sur
4650,xxx
4651,xxx
4652,xxx
4653,fru
4654,fru
4655,fru
4656,xxx
4657,sad
4658,sad
4659,sad
4660,sad
4661,sad
4662,fru
4663,fru
4664,fru
4665,xxx
4666,sad
4667,sad
4668,sad
4669,sad
4670,sad
4671,sad
4672,sad
4673,sad
4674,sad
4675,sad
4676,sad
4677,sad
4678,sad
4679,fru
4680,fru
4681,fru
4682,sad
4683,sad
4684,sad
4685,sad
4686,sad
4687,sad
4688,sad
4689,xxx
4690,fru
4691,fru
4692,fru
4693,sad
4694,sad
4695,neu
4696,xxx
4697,neu
4698,sad
4699,fru
4700,fru
4701,sad
4702,fru
4703,fru
4704,fru
4705,fru
4706,sad
4707,sad
4708,sad
4709,sad
4710,sad
4711,sad
4712,sad
4713,sad
4714,sur
4715,sur
4716,fru
4717,fru
4718,fru
4719,fru
4720,xxx
4721,exc
4722,sur
4723,exc
4724,exc
4725,exc
4726,exc
4727,xxx
4728,xxx
4729,xxx
4730,exc
4731,xxx
4732,hap
4733,xxx
4734,xxx
4735,neu
4736,hap
4737,hap
4738,neu
4739,xxx
4740,xxx
4741,hap
4742,hap
4743,exc
4744,exc
4745,hap
4746,hap
4747,hap
4748,sur
4749,sur
4750,sur
4751,xxx
4752,xxx
4753,hap
4754,xxx
4755,xxx
4756,neu
4757,xxx
4758,xxx
4759,xxx
4760,xxx
4761,xxx
4762,xxx
4763,exc
4764,exc
4765,exc
4766,exc
4767,exc
4768,xxx
4769,xxx
4770,xxx
4771,xxx
4772,xxx
4773,xxx
4774,exc
4775,hap
4776,exc
4777,hap
4778,hap
4779,hap
4780,hap
4781,hap
4782,hap
4783,hap
4784,hap
4785,xxx
4786,xxx
4787,xxx
4788,xxx
4789,xxx
4790,xxx
4791,neu
4792,hap
4793,hap
4794,hap
4795,hap
4796,neu
4797,xxx
4798,exc
4799,xxx
4800,xxx
4801,neu
4802,hap
4803,xxx
4804,xxx
4805,neu
4806,fru
4807,neu
4808,neu
4809,sur
4810,xxx
4811,sad
4812,sad
4813,xxx
4814,exc
4815,xxx
4816,xxx
4817,xxx
4818,neu
4819,neu
4820,xxx
4821,xxx
4822,xxx
4823,xxx
4824,xxx
4825,xxx
4826,xxx
4827,neu
4828,fru
4829,neu
4830,sur
4831,xxx
4832,fru
4833,neu
4834,neu
4835,neu
4836,neu
4837,sad
4838,fru
4839,fru
4840,xxx
4841,ang
4842,fru
4843,fru
4844,xxx
4845,ang
4846,fru
4847,fru
4848,fru
4849,fru
4850,fru
4851,neu
4852,dis
4853,fru
4854,fru
4855,fru
4856,xxx
4857,fru
4858,fru
4859,fru
4860,fru
4861,neu
4862,fru
4863,sad
4864,fru
4865,fru
4866,fru
4867,sad
4868,sad
4869,xxx
4870,fru
4871,fru
4872,fru
4873,fru
4874,fru
4875,neu
4876,xxx
4877,fru
4878,hap
4879,neu
4880,neu
4881,neu
4882,fru
4883,fru
4884,neu
4885,fru
4886,neu
4887,neu
4888,neu
4889,fru
4890,neu
4891,neu
4892,xxx
4893,neu
4894,fru
4895,neu
4896,xxx
4897,ang
4898,fru
4899,fru
4900,neu
4901,xxx
4902,neu
4903,neu
4904,neu
4905,xxx
4906,fru
4907,ang
4908,ang
4909,ang
4910,ang
4911,ang
4912,ang
4913,ang
4914,ang
4915,ang
4916,xxx
4917,xxx
4918,ang
4919,ang
4920,ang
4921,ang
4922,ang
4923,xxx
4924,ang
4925,ang
4926,ang
4927,xxx
4928,ang
4929,ang
4930,ang
4931,ang
4932,ang
4933,ang
4934,ang
4935,ang
4936,ang
4937,ang
4938,exc
4939,neu
4940,neu
4941,neu
4942,neu
4943,neu
4944,neu
4945,neu
4946,neu
4947,neu
4948,neu
4949,neu
4950,neu
4951,neu
4952,neu
4953,neu
4954,neu
4955,neu
4956,fru
4957,neu
4958,neu
4959,neu
4960,neu
4961,neu
4962,neu
4963,fru
4964,fru
4965,fru
4966,neu
4967,neu
4968,neu
4969,neu
4970,fru
4971,xxx
4972,fru
4973,fru
4974,fru
4975,fru
4976,fru
4977,fru
4978,fru
4979,ang
4980,xxx
4981,fru
4982,ang
4983,xxx
4984,ang
4985,ang
4986,ang
4987,ang
4988,fru
4989,fru
4990,neu
4991,ang
4992,ang
4993,ang
4994,ang
4995,ang
4996,ang
4997,ang
4998,ang
4999,fru
5000,ang
5001,fru
5002,ang
5003,ang
5004,ang
5005,sad
5006,sad
5007,sad
5008,sad
5009,sad
5010,sad
5011,xxx
5012,sad
5013,sad
5014,sad
5015,sad
5016,sad
5017,sad
5018,sad
5019,sad
5020,sad
5021,sad
5022,sad
5023,sad
5024,sad
5025,sad
5026,sad
5027,sad
5028,sad
5029,sad
5030,sad
5031,sad
5032,sad
5033,sad
5034,sad
5035,sad
5036,sad
5037,sad
5038,sad
5039,sad
5040,sad
5041,sad
5042,sad
5043,sad
5044,sad
5045,sad
5046,sad
5047,sad
5048,sad
5049,sad
5050,sad
5051,sad
5052,sad
5053,sad
5054,sad
5055,sad
5056,sad
5057,sad
5058,sad
5059,hap
5060,hap
5061,xxx
5062,sur
5063,sur
5064,sur
5065,exc
5066,exc
5067,hap
5068,exc
5069,hap
5070,hap
5071,hap
5072,hap
5073,hap
5074,xxx
5075,exc
5076,hap
5077,exc
5078,hap
5079,xxx
5080,xxx
5081,xxx
5082,neu
5083,xxx
5084,xxx
5085,exc
5086,exc
5087,exc
5088,exc
5089,exc
5090,exc
5091,exc
5092,neu
5093,exc
5094,exc
5095,xxx
5096,exc
5097,hap
5098,exc
5099,exc
5100,exc
5101,exc
5102,exc
5103,exc
5104,xxx
5105,exc
5106,exc
5107,exc
5108,hap
5109,xxx
5110,fru
5111,fru
5112,fru
5113,fru
5114,neu
5115,fru
5116,fru
5117,fru
5118,fru
5119,fru
5120,fru
5121,fru
5122,fru
5123,ang
5124,ang
5125,ang
5126,fru
5127,fru
5128,fru
5129,fru
5130,ang
5131,ang
5132,ang
5133,fru
5134,fru
5135,fru
5136,xxx
5137,fru
5138,fru
5139,fru
5140,fru
5141,fru
5142,fru
5143,fru
5144,fru
5145,fru
5146,neu
5147,neu
5148,neu
5149,neu
5150,neu
5151,neu
5152,neu
5153,neu
5154,neu
5155,neu
5156,neu
5157,fru
5158,neu
5159,neu
5160,fru
5161,fru
5162,neu
5163,neu
5164,neu
5165,neu
5166,neu
5167,neu
5168,neu
5169,neu
5170,neu
5171,neu
5172,neu
5173,neu
5174,xxx
5175,fru
5176,fru
5177,fru
5178,fru
5179,ang
5180,ang
5181,fru
5182,fru
5183,fru
5184,fru
5185,fru
5186,fru
5187,fru
5188,fru
5189,fru
5190,fru
5191,xxx
5192,xxx
5193,xxx
5194,xxx
5195,neu
5196,xxx
5197,neu
5198,neu
5199,neu
5200,neu
5201,neu
5202,neu
5203,neu
5204,neu
5205,neu
5206,neu
5207,neu
5208,neu
5209,neu
5210,neu
5211,neu
5212,neu
5213,neu
5214,neu
5215,neu
5216,neu
5217,neu
5218,neu
5219,neu
5220,neu
5221,neu
5222,neu
5223,sur
5224,sur
5225,xxx
5226,sad
5227,sad
5228,xxx
5229,fru
5230,sad
5231,xxx
5232,xxx
5233,xxx
5234,xxx
5235,fru
5236,xxx
5237,fru
5238,ang
5239,ang
5240,xxx
5241,xxx
5242,ang
5243,neu
5244,fru
5245,xxx
5246,xxx
5247,fru
5248,fru
5249,xxx
5250,neu
5251,xxx
5252,neu
5253,fru
5254,xxx
5255,fru
5256,fru
5257,xxx
5258,xxx
5259,xxx
5260,ang
5261,xxx
5262,sad
5263,xxx
5264,fru
5265,ang
5266,fru
5267,sad
5268,sad
5269,sad
5270,sad
5271,sad
5272,sad
5273,sad
5274,sad
5275,sad
5276,sad
5277,fru
5278,ang
5279,fru
5280,ang
5281,ang
5282,xxx
5283,fru
5284,fru
5285,fru
5286,neu
5287,xxx
5288,neu
5289,fru
5290,neu
5291,ang
5292,fru
5293,fru
5294,xxx
5295,fru
5296,ang
5297,neu
5298,neu
5299,sad
5300,neu
5301,xxx
5302,fru
5303,fru
5304,fru
5305,sad
5306,neu
5307,neu
5308,ang
5309,ang
5310,ang
5311,fru
5312,neu
5313,xxx
5314,sad
5315,sad
5316,sad
5317,ang
5318,ang
5319,xxx
5320,xxx
5321,xxx
5322,xxx
5323,ang
5324,xxx
5325,xxx
5326,ang
5327,sad
5328,sad
5329,ang
5330,xxx
5331,xxx
5332,ang
5333,xxx
5334,sad
5335,xxx
5336,sad
5337,fru
5338,neu
5339,fru
5340,fru
5341,neu
5342,neu
5343,fru
5344,xxx
5345,neu
5346,fru
5347,fru
5348,fru
5349,fru
5350,xxx
5351,ang
5352,ang
5353,ang
5354,ang
5355,xxx
5356,xxx
5357,xxx
5358,xxx
5359,sad
5360,xxx
5361,sad
5362,sad
5363,sad
5364,xxx
5365,xxx
5366,hap
5367,hap
5368,hap
5369,hap
5370,hap
5371,hap
5372,hap
5373,hap
5374,hap
5375,hap
5376,hap
5377,xxx
5378,xxx
5379,xxx
5380,xxx
5381,xxx
5382,xxx
5383,xxx
5384,sad
5385,sad
5386,sad
5387,xxx
5388,sad
5389,hap
5390,xxx
5391,neu
5392,sur
5393,xxx
5394,neu
5395,xxx
5396,xxx
5397,xxx
5398,hap
5399,xxx
5400,hap
5401,xxx
5402,xxx
5403,xxx
5404,xxx
5405,xxx
5406,hap
5407,xxx
5408,hap
5409,exc
5410,xxx
5411,hap
5412,xxx
5413,sad
5414,xxx
5415,xxx
5416,xxx
5417,sad
5418,sad
5419,sad
5420,sad
5421,sad
5422,sad
5423,sad
5424,sad
5425,sad
5426,sad
5427,sad
5428,sad
5429,sad
5430,sad
5431,sad
5432,sad
5433,xxx
5434,xxx
5435,hap
5436,hap
5437,xxx
5438,xxx
5439,xxx
5440,xxx
5441,xxx
5442,neu
5443,xxx
5444,fru
5445,fru
5446,fru
5447,xxx
5448,xxx
5449,xxx
5450,fru
5451,xxx
5452,fru
5453,neu
5454,xxx
5455,fru
5456,fru
5457,xxx
5458,xxx
5459,xxx
5460,exc
5461,exc
5462,exc
5463,exc
5464,exc
5465,exc
5466,xxx
5467,xxx
5468,xxx
5469,xxx
5470,xxx
5471,xxx
5472,xxx
5473,xxx
5474,exc
5475,exc
5476,exc
5477,neu
5478,xxx
5479,xxx
5480,fru
5481,xxx
5482,xxx
5483,exc
5484,exc
5485,exc
5486,exc
5487,exc
5488,xxx
5489,xxx
5490,xxx
5491,xxx
5492,xxx
5493,fru
5494,exc
5495,exc
5496,exc
5497,exc
5498,exc
5499,exc
5500,exc
5501,exc
5502,exc
5503,exc
5504,fru
5505,ang
5506,ang
5507,ang
5508,ang
5509,ang
5510,xxx
5511,xxx
5512,fru
5513,fru
5514,ang
5515,xxx
5516,ang
5517,fru
5518,ang
5519,fru
5520,fru
5521,ang
5522,fru
5523,sad
5524,xxx
5525,xxx
5526,xxx
5527,xxx
5528,sad
5529,sad
5530,sad
5531,fru
5532,fru
5533,fru
5534,fru
5535,fru
5536,ang
5537,fru
5538,ang
5539,sad
5540,sad
5541,sad
5542,sad
5543,sad
5544,xxx
5545,sad
5546,sad
5547,hap
5548,xxx
5549,hap
5550,xxx
5551,hap
5552,hap
5553,hap
5554,hap
5555,exc
5556,fru
5557,fru
5558,fru
5559,fru
5560,fru
5561,fru
5562,fru
5563,fru
5564,fru
5565,fru
5566,fru
5567,fru
5568,fru
5569,neu
5570,fru
5571,xxx
5572,neu
5573,fru
5574,neu
5575,neu
5576,neu
5577,neu
5578,xxx
5579,fru
5580,fru
5581,fru
5582,xxx
5583,ang
5584,ang
5585,ang
5586,ang
5587,ang
5588,ang
5589,xxx
5590,fru
5591,sad
5592,sad
5593,xxx
5594,xxx
5595,xxx
5596,hap
5597,hap
5598,xxx
5599,xxx
5600,hap
5601,hap
5602,xxx
5603,xxx
5604,xxx
5605,exc
5606,exc
5607,exc
5608,exc
5609,xxx
5610,xxx
5611,xxx
5612,xxx
5613,xxx
5614,xxx
5615,xxx
5616,xxx
5617,xxx
5618,xxx
5619,xxx
5620,sad
5621,xxx
5622,xxx
5623,xxx
5624,xxx
5625,xxx
5626,xxx
5627,xxx
5628,xxx
5629,xxx
5630,xxx
5631,xxx
5632,xxx
5633,xxx
5634,xxx
5635,xxx
5636,xxx
5637,xxx
5638,exc
5639,xxx
5640,exc
5641,xxx
5642,xxx
5643,xxx
5644,xxx
5645,xxx
5646,xxx
5647,xxx
5648,xxx
5649,xxx
5650,xxx
5651,xxx
5652,xxx
5653,xxx
5654,xxx
5655,xxx
5656,xxx
5657,xxx
5658,xxx
5659,xxx
5660,xxx
5661,xxx
5662,xxx
5663,xxx
5664,xxx
5665,xxx
5666,xxx
5667,xxx
5668,xxx
5669,neu
5670,xxx
5671,xxx
5672,xxx
5673,neu
5674,ang
5675,xxx
5676,neu
5677,neu
5678,xxx
5679,neu
5680,xxx
5681,xxx
5682,xxx
5683,ang
5684,ang
5685,neu
5686,xxx
5687,ang
5688,xxx
5689,neu
5690,neu
5691,xxx
5692,xxx
5693,xxx
5694,xxx
5695,xxx
5696,xxx
5697,ang
5698,ang
5699,xxx
5700,xxx
5701,ang
5702,ang
5703,ang
5704,ang
5705,ang
5706,ang
5707,xxx
5708,xxx
5709,neu
5710,fru
5711,ang
5712,ang
5713,ang
5714,ang
5715,ang
5716,ang
5717,ang
5718,ang
5719,neu
5720,xxx
5721,xxx
5722,ang
5723,ang
5724,ang
5725,ang
5726,ang
5727,ang
5728,neu
5729,neu
5730,ang
5731,ang
5732,xxx
5733,ang
5734,fru
5735,fru
5736,fru
5737,xxx
5738,neu
5739,neu
5740,neu
5741,xxx
5742,xxx
5743,xxx
5744,fru
5745,xxx
5746,xxx
5747,xxx
5748,ang
5749,ang
5750,ang
5751,ang
5752,ang
5753,ang
5754,xxx
5755,xxx
5756,xxx
5757,ang
5758,ang
5759,ang
5760,ang
5761,ang
5762,ang
5763,ang
5764,ang
5765,ang
5766,xxx
5767,fru
5768,fru
5769,fru
5770,ang
5771,fru
5772,fru
5773,fru
5774,ang
5775,ang
5776,ang
5777,fru
5778,ang
5779,fru
5780,ang
5781,xxx
5782,ang
5783,xxx
5784,xxx
5785,ang
5786,xxx
5787,ang
5788,ang
5789,fru
5790,fru
5791,fru
5792,fru
5793,fru
5794,ang
5795,fru
5796,fru
5797,ang
5798,fru
5799,fru
5800,ang
5801,xxx
5802,fru
5803,ang
5804,fru
5805,fru
5806,fru
5807,fru
5808,xxx
5809,xxx
5810,ang
5811,fru
5812,ang
5813,ang
5814,xxx
5815,sad
5816,sad
5817,sad
5818,sad
5819,xxx
5820,sad
5821,sad
5822,sad
5823,fru
5824,sad
5825,fru
5826,sad
5827,ang
5828,fru
5829,fru
5830,fru
5831,fru
5832,ang
5833,ang
5834,fru
5835,fru
5836,xxx
5837,ang
5838,sad
5839,sad
5840,sad
5841,sad
5842,fru
5843,fru
5844,sad
5845,fru
5846,fru
5847,xxx
5848,fru
5849,fru
5850,fru
5851,xxx
5852,sad
5853,fru
5854,fru
5855,fru
5856,fru
5857,fru
5858,ang
5859,fru
5860,ang
5861,ang
5862,xxx
5863,fru
5864,sad
5865,sad
5866,sad
5867,exc
5868,exc
5869,exc
5870,exc
5871,exc
5872,exc
5873,exc
5874,exc
5875,xxx
5876,exc
5877,hap
5878,exc
5879,hap
5880,exc
5881,exc
5882,exc
5883,exc
5884,exc
5885,exc
5886,xxx
5887,xxx
5888,xxx
5889,xxx
5890,xxx
5891,xxx
5892,xxx
5893,xxx
5894,xxx
5895,xxx
5896,xxx
5897,xxx
5898,xxx
5899,xxx
5900,xxx
5901,exc
5902,xxx
5903,exc
5904,xxx
5905,exc
5906,xxx
5907,exc
5908,exc
5909,exc
5910,exc
5911,exc
5912,exc
5913,xxx
5914,exc
5915,exc
5916,xxx
5917,exc
5918,exc
5919,exc
5920,neu
5921,neu
5922,sur
5923,exc
5924,exc
5925,exc
5926,xxx
5927,xxx
5928,xxx
5929,xxx
5930,xxx
5931,xxx
5932,xxx
5933,xxx
5934,exc
5935,xxx
5936,xxx
5937,xxx
5938,neu
5939,neu
5940,neu
5941,neu
5942,xxx
5943,fru
5944,xxx
5945,xxx
5946,xxx
5947,neu
5948,neu
5949,neu
5950,neu
5951,neu
5952,neu
5953,neu
5954,neu
5955,neu
5956,exc
5957,exc
5958,exc
5959,exc
5960,exc
5961,exc
5962,exc
5963,exc
5964,xxx
5965,xxx
5966,xxx
5967,neu
5968,xxx
5969,xxx
5970,xxx
5971,neu
5972,fru
5973,fru
5974,fru
5975,fru
5976,ang
5977,ang
5978,fru
5979,ang
5980,fru
5981,xxx
5982,ang
5983,fru
5984,ang
5985,ang
5986,ang
5987,ang
5988,ang
5989,ang
5990,fru
5991,fru
5992,fru
5993,fru
5994,fru
5995,fru
5996,ang
5997,fru
5998,fru
5999,fru
6000,fru
6001,ang
6002,ang
6003,fru
6004,fru
6005,xxx
6006,neu
6007,neu
6008,neu
6009,neu
6010,neu
6011,neu
6012,neu
6013,neu
6014,neu
6015,fru
6016,xxx
6017,xxx
6018,neu
6019,neu
6020,neu
6021,neu
6022,neu
6023,neu
6024,neu
6025,neu
6026,neu
6027,neu
6028,neu
6029,xxx
6030,fru
6031,neu
6032,fru
6033,neu
6034,fru
6035,neu
6036,neu
6037,xxx
6038,neu
6039,xxx
6040,fru
6041,fru
6042,fru
6043,fru
6044,ang
6045,ang
6046,ang
6047,sur
6048,ang
6049,ang
6050,ang
6051,ang
6052,ang
6053,ang
6054,ang
6055,ang
6056,ang
6057,ang
6058,ang
6059,ang
6060,fru
6061,fru
6062,fru
6063,fru
6064,xxx
6065,fru
6066,fru
6067,fru
6068,fru
6069,fru
6070,fru
6071,fru
6072,fru
6073,fru
6074,fru
6075,fru
6076,fru
6077,fru
6078,fru
6079,fru
6080,fru
6081,fru
6082,fru
6083,fru
6084,fru
6085,sad
6086,sad
6087,sad
6088,sad
6089,sad
6090,sad
6091,sad
6092,sad
6093,hap
6094,hap
6095,sad
6096,sad
6097,sad
6098,sad
6099,sad
6100,neu
6101,sad
6102,neu
6103,neu
6104,sad
6105,sad
6106,sad
6107,sad
6108,neu
6109,sad
6110,sad
6111,exc
6112,exc
6113,exc
6114,exc
6115,exc
6116,exc
6117,exc
6118,exc
6119,exc
6120,exc
6121,exc
6122,exc
6123,exc
6124,exc
6125,exc
6126,exc
6127,exc
6128,exc
6129,exc
6130,xxx
6131,xxx
6132,exc
6133,exc
6134,xxx
6135,exc
6136,xxx
6137,xxx
6138,exc
6139,exc
6140,exc
6141,exc
6142,exc
6143,exc
6144,exc
6145,xxx
6146,exc
6147,exc
6148,xxx
6149,exc
6150,exc
6151,exc
6152,exc
6153,exc
6154,xxx
6155,exc
6156,xxx
6157,xxx
6158,exc
6159,exc
6160,exc
6161,exc
6162,exc
6163,exc
6164,xxx
6165,xxx
6166,xxx
6167,xxx
6168,xxx
6169,exc
6170,exc
6171,exc
6172,exc
6173,exc
6174,exc
6175,exc
6176,exc
6177,exc
6178,xxx
6179,xxx
6180,xxx
6181,exc
6182,xxx
6183,xxx
6184,xxx
6185,exc
6186,xxx
6187,xxx
6188,xxx
6189,exc
6190,exc
6191,neu
6192,exc
6193,sur
6194,sur
6195,xxx
6196,exc
6197,exc
6198,xxx
6199,xxx
6200,neu
6201,xxx
6202,xxx
6203,xxx
6204,neu
6205,xxx
6206,xxx
6207,neu
6208,neu
6209,neu
6210,neu
6211,neu
6212,neu
6213,neu
6214,neu
6215,xxx
6216,xxx
6217,neu
6218,xxx
6219,exc
6220,xxx
6221,xxx
6222,neu
6223,neu
6224,neu
6225,exc
6226,neu
6227,exc
6228,exc
6229,exc
6230,exc
6231,exc
6232,exc
6233,exc
6234,exc
6235,neu
6236,exc
6237,exc
6238,xxx
6239,xxx
6240,exc
6241,exc
6242,neu
6243,xxx
6244,xxx
6245,xxx
6246,xxx
6247,xxx
6248,neu
6249,neu
6250,neu
6251,neu
6252,neu
6253,neu
6254,neu
6255,neu
6256,xxx
6257,neu
6258,neu
6259,xxx
6260,xxx
6261,exc
6262,neu
6263,neu
6264,neu
6265,xxx
6266,xxx
6267,neu
6268,neu
6269,xxx
6270,neu
6271,neu
6272,xxx
6273,neu
6274,xxx
6275,xxx
6276,xxx
6277,xxx
6278,hap
6279,neu
6280,neu
6281,fru
6282,neu
6283,neu
6284,neu
6285,fru
6286,neu
6287,neu
6288,fru
6289,xxx
6290,fru
6291,fru
6292,fru
6293,fru
6294,xxx
6295,fru
6296,fru
6297,fru
6298,fru
6299,xxx
6300,xxx
6301,ang
6302,fru
6303,fru
6304,fru
6305,neu
6306,fru
6307,fru
6308,xxx
6309,fru
6310,xxx
6311,fru
6312,fru
6313,xxx
6314,xxx
6315,xxx
6316,neu
6317,ang
6318,ang
6319,ang
6320,ang
6321,ang
6322,ang
6323,ang
6324,fru
6325,xxx
6326,ang
6327,ang
6328,ang
6329,fru
6330,fru
6331,fru
6332,fru
6333,fru
6334,fru
6335,xxx
6336,xxx
6337,sur
6338,xxx
6339,xxx
6340,sad
6341,xxx
6342,fru
6343,xxx
6344,xxx
6345,sur
6346,xxx
6347,ang
6348,ang
6349,ang
6350,ang
6351,ang
6352,xxx
6353,xxx
6354,neu
6355,ang
6356,xxx
6357,fru
6358,ang
6359,ang
6360,ang
6361,neu
6362,xxx
6363,fru
6364,fru
6365,ang
6366,ang
6367,fru
6368,ang
6369,xxx
6370,xxx
6371,ang
6372,ang
6373,ang
6374,fru
6375,xxx
6376,ang
6377,ang
6378,ang
6379,xxx
6380,ang
6381,neu
6382,xxx
6383,xxx
6384,xxx
6385,sad
6386,sad
6387,xxx
6388,fru
6389,fru
6390,ang
6391,ang
6392,xxx
6393,ang
6394,ang
6395,fru
6396,fru
6397,neu
6398,neu
6399,fru
6400,fru
6401,ang
6402,ang
6403,ang
6404,fru
6405,fru
6406,ang
6407,sad
6408,fru
6409,ang
6410,ang
6411,ang
6412,xxx
6413,sad
6414,xxx
6415,ang
6416,fru
6417,xxx
6418,xxx
6419,ang
6420,fru
6421,fru
6422,xxx
6423,fru
6424,fru
6425,xxx
6426,xxx
6427,ang
6428,ang
6429,fru
6430,xxx
6431,xxx
6432,ang
6433,ang
6434,ang
6435,ang
6436,ang
6437,ang
6438,fru
6439,fru
6440,xxx
6441,fru
6442,xxx
6443,ang
6444,fru
6445,fru
6446,fru
6447,fru
6448,fru
6449,neu
6450,neu
6451,xxx
6452,xxx
6453,neu
6454,xxx
6455,fru
6456,neu
6457,neu
6458,fru
6459,fru
6460,fru
6461,fru
6462,fru
6463,fru
6464,fru
6465,fru
6466,ang
6467,fru
6468,xxx
6469,xxx
6470,xxx
6471,xxx
6472,xxx
6473,xxx
6474,xxx
6475,xxx
6476,xxx
6477,hap
6478,hap
6479,xxx
6480,hap
6481,hap
6482,hap
6483,hap
6484,xxx
6485,xxx
6486,xxx
6487,xxx
6488,xxx
6489,xxx
6490,xxx
6491,neu
6492,sad
6493,xxx
6494,xxx
6495,xxx
6496,xxx
6497,xxx
6498,hap
6499,xxx
6500,xxx
6501,xxx
6502,xxx
6503,ang
6504,xxx
6505,xxx
6506,xxx
6507,neu
6508,hap
6509,hap
6510,hap
6511,xxx
6512,xxx
6513,neu
6514,xxx
6515,xxx
6516,xxx
6517,hap
6518,hap
6519,hap
6520,xxx
6521,xxx
6522,sad
6523,sad
6524,fru
6525,sad
6526,sad
6527,sad
6528,sad
6529,sad
6530,sad
6531,sad
6532,sad
6533,sad
6534,sad
6535,sad
6536,xxx
6537,xxx
6538,sad
6539,sad
6540,sad
6541,xxx
6542,sad
6543,sad
6544,sad
6545,xxx
6546,hap
6547,neu
6548,xxx
6549,fru
6550,xxx
6551,xxx
6552,xxx
6553,xxx
6554,ang
6555,ang
6556,fru
6557,fru
6558,fru
6559,ang
6560,ang
6561,ang
6562,fru
6563,ang
6564,ang
6565,xxx
6566,ang
6567,fru
6568,ang
6569,ang
6570,hap
6571,xxx
6572,exc
6573,xxx
6574,fru
6575,fru
6576,sur
6577,fru
6578,fru
6579,exc
6580,neu
6581,hap
6582,xxx
6583,xxx
6584,xxx
6585,fru
6586,fru
6587,neu
6588,fru
6589,xxx
6590,fru
6591,exc
6592,fru
6593,exc
6594,fru
6595,fru
6596,exc
6597,fru
6598,sur
6599,fru
6600,fru
6601,ang
6602,exc
6603,exc
6604,exc
6605,exc
6606,exc
6607,exc
6608,exc
6609,exc
6610,exc
6611,xxx
6612,xxx
6613,xxx
6614,xxx
6615,ang
6616,xxx
6617,xxx
6618,ang
6619,ang
6620,ang
6621,neu
6622,ang
6623,ang
6624,ang
6625,xxx
6626,xxx
6627,ang
6628,fru
6629,fru
6630,xxx
6631,xxx
6632,sad
6633,sad
6634,sad
6635,sad
6636,sad
6637,sad
6638,neu
6639,sad
6640,fru
6641,fru
6642,fru
6643,fru
6644,ang
6645,xxx
6646,ang
6647,ang
6648,xxx
6649,xxx
6650,sad
6651,fru
6652,fru
6653,fru
6654,sad
6655,xxx
6656,hap
6657,hap
6658,hap
6659,hap
6660,xxx
6661,neu
6662,xxx
6663,xxx
6664,xxx
6665,xxx
6666,xxx
6667,fru
6668,fru
6669,fru
6670,xxx
6671,fru
6672,fru
6673,fru
6674,fru
6675,fru
6676,fru
6677,fru
6678,xxx
6679,xxx
6680,neu
6681,neu
6682,exc
6683,xxx
6684,neu
6685,xxx
6686,fru
6687,fru
6688,fru
6689,fru
6690,fru
6691,xxx
6692,fru
6693,fru
6694,fru
6695,fru
6696,xxx
6697,xxx
6698,xxx
6699,xxx
6700,fru
6701,sad
6702,sad
6703,sur
6704,neu
6705,neu
6706,xxx
6707,exc
6708,neu
6709,xxx
6710,xxx
6711,xxx
6712,xxx
6713,xxx
6714,xxx
6715,xxx
6716,xxx
6717,exc
6718,exc
6719,exc
6720,xxx
6721,exc
6722,xxx
6723,exc
6724,neu
6725,xxx
6726,exc
6727,xxx
6728,xxx
6729,neu
6730,xxx
6731,xxx
6732,xxx
6733,exc
6734,exc
6735,exc
6736,exc
6737,xxx
6738,exc
6739,xxx
6740,exc
6741,exc
6742,exc
6743,xxx
6744,fea
6745,fea
6746,xxx
6747,xxx
6748,xxx
6749,exc
6750,exc
6751,exc
6752,neu
6753,xxx
6754,xxx
6755,xxx
6756,xxx
6757,xxx
6758,xxx
6759,xxx
6760,neu
6761,xxx
6762,xxx
6763,xxx
6764,xxx
6765,xxx
6766,xxx
6767,xxx
6768,xxx
6769,xxx
6770,neu
6771,neu
6772,neu
6773,neu
6774,neu
6775,xxx
6776,xxx
6777,xxx
6778,xxx
6779,xxx
6780,xxx
6781,xxx
6782,xxx
6783,xxx
6784,xxx
6785,ang
6786,xxx
6787,xxx
6788,fru
6789,fru
6790,xxx
6791,xxx
6792,ang
6793,ang
6794,ang
6795,fru
6796,fru
6797,fru
6798,xxx
6799,ang
6800,ang
6801,ang
6802,ang
6803,ang
6804,ang
6805,ang
6806,ang
6807,ang
6808,ang
6809,ang
6810,ang
6811,ang
6812,xxx
6813,xxx
6814,ang
6815,ang
6816,ang
6817,ang
6818,ang
6819,ang
6820,ang
6821,ang
6822,ang
6823,ang
6824,ang
6825,neu
6826,ang
6827,xxx
6828,ang
6829,xxx
6830,ang
6831,ang
6832,ang
6833,ang
6834,xxx
6835,neu
6836,xxx
6837,fru
6838,xxx
6839,ang
6840,ang
6841,ang
6842,xxx
6843,xxx
6844,xxx
6845,xxx
6846,fru
6847,xxx
6848,xxx
6849,neu
6850,xxx
6851,xxx
6852,ang
6853,fru
6854,xxx
6855,xxx
6856,ang
6857,xxx
6858,xxx
6859,ang
6860,ang
6861,xxx
6862,ang
6863,xxx
6864,ang
6865,ang
6866,ang
6867,ang
6868,ang
6869,ang
6870,ang
6871,neu
6872,neu
6873,neu
6874,fru
6875,fru
6876,fru
6877,fru
6878,fru
6879,fru
6880,fru
6881,fru
6882,fru
6883,neu
6884,fru
6885,fru
6886,fru
6887,fru
6888,fru
6889,ang
6890,ang
6891,fru
6892,ang
6893,neu
6894,fru
6895,fru
6896,neu
6897,fru
6898,fru
6899,fru
6900,fru
6901,fru
6902,fru
6903,fru
6904,fru
6905,fru
6906,fru
6907,fru
6908,xxx
6909,fru
6910,fru
6911,ang
6912,fru
6913,xxx
6914,fru
6915,fru
6916,fru
6917,ang
6918,xxx
6919,xxx
6920,fru
6921,xxx
6922,xxx
6923,fru
6924,xxx
6925,fru
6926,fru
6927,sad
6928,fru
6929,fru
6930,fru
6931,fru
6932,xxx
6933,xxx
6934,fru
6935,fru
6936,fru
6937,fru
6938,sad
6939,ang
6940,fru
6941,fru
6942,xxx
6943,fru
6944,xxx
6945,fru
6946,fru
6947,fru
6948,xxx
6949,xxx
6950,sad
6951,xxx
6952,fru
6953,fru
6954,fru
6955,fru
6956,fru
6957,fru
6958,neu
6959,fru
6960,fru
6961,fru
6962,fru
6963,fru
6964,fru
6965,fru
6966,fru
6967,fru
6968,fru
6969,fru
6970,fru
6971,fru
6972,fru
6973,fru
6974,fru
6975,fru
6976,fru
6977,fru
6978,fru
6979,fru
6980,fru
6981,fru
6982,fru
6983,fru
6984,fru
6985,fru
6986,xxx
6987,xxx
6988,exc
6989,exc
6990,exc
6991,exc
6992,exc
6993,exc
6994,exc
6995,exc
6996,exc
6997,exc
6998,exc
6999,xxx
7000,xxx
7001,exc
7002,exc
7003,exc
7004,xxx
7005,exc
7006,xxx
7007,xxx
7008,xxx
7009,xxx
7010,hap
7011,exc
7012,xxx
7013,xxx
7014,exc
7015,xxx
7016,xxx
7017,hap
7018,hap
7019,hap
7020,hap
7021,hap
7022,xxx
7023,exc
7024,xxx
7025,xxx
7026,xxx
7027,exc
7028,xxx
7029,exc
7030,xxx
7031,exc
7032,hap
7033,hap
7034,hap
7035,exc
7036,hap
7037,hap
7038,hap
7039,xxx
7040,hap
7041,hap
7042,hap
7043,neu
7044,neu
7045,neu
7046,neu
7047,neu
7048,neu
7049,neu
7050,neu
7051,neu
7052,neu
7053,neu
7054,sur
7055,neu
7056,neu
7057,neu
7058,xxx
7059,neu
7060,neu
7061,neu
7062,xxx
7063,fru
7064,fru
7065,fru
7066,fru
7067,neu
7068,fru
7069,fru
7070,fru
7071,fru
7072,fru
7073,fru
7074,fru
7075,fru
7076,fru
7077,fru
7078,fru
7079,fru
7080,fru
7081,fru
7082,fru
7083,neu
7084,neu
7085,neu
7086,oth
7087,neu
7088,neu
7089,neu
7090,neu
7091,xxx
7092,xxx
7093,neu
7094,neu
7095,neu
7096,neu
7097,neu
7098,xxx
7099,fru
7100,neu
7101,fru
7102,fru
7103,fru
7104,neu
7105,fru
7106,neu
7107,neu
7108,fru
7109,fru
7110,fru
7111,fru
7112,fru
7113,fru
7114,fru
7115,fru
7116,fru
7117,fru
7118,fru
7119,fru
7120,fru
7121,fru
7122,fru
7123,neu
7124,neu
7125,fru
7126,fru
7127,fru
7128,fru
7129,fru
7130,fru
7131,xxx
7132,fru
7133,fru
7134,fru
7135,fru
7136,fru
7137,fru
7138,ang
7139,ang
7140,ang
7141,ang
7142,fru
7143,fru
7144,ang
7145,ang
7146,ang
7147,ang
7148,ang
7149,fru
7150,xxx
7151,fru
7152,ang
7153,xxx
7154,fru
7155,fru
7156,ang
7157,fru
7158,fru
7159,fru
7160,fru
7161,fru
7162,fru
7163,fru
7164,fru
7165,fru
7166,fru
7167,fru
7168,ang
7169,ang
7170,fru
7171,fru
7172,fru
7173,fru
7174,ang
7175,ang
7176,sad
7177,sad
7178,sad
7179,sad
7180,sad
7181,sad
7182,sad
7183,sad
7184,sad
7185,sad
7186,sad
7187,sad
7188,sad
7189,xxx
7190,sad
7191,sad
7192,sad
7193,sad
7194,sad
7195,sad
7196,sad
7197,sad
7198,sad
7199,sad
7200,sad
7201,sad
7202,sad
7203,sad
7204,sad
7205,sad
7206,sad
7207,sad
7208,sad
7209,sad
7210,sad
7211,sad
7212,sad
7213,sad
7214,sad
7215,sad
7216,sad
7217,sur
7218,sur
7219,exc
7220,exc
7221,exc
7222,xxx
7223,exc
7224,exc
7225,exc
7226,exc
7227,exc
7228,hap
7229,exc
7230,exc
7231,exc
7232,exc
7233,exc
7234,exc
7235,exc
7236,xxx
7237,xxx
7238,xxx
7239,exc
7240,neu
7241,xxx
7242,xxx
7243,neu
7244,exc
7245,xxx
7246,xxx
7247,xxx
7248,xxx
7249,xxx
7250,xxx
7251,xxx
7252,xxx
7253,neu
7254,neu
7255,xxx
7256,xxx
7257,exc
7258,exc
7259,exc
7260,exc
7261,exc
7262,xxx
7263,xxx
7264,hap
7265,hap
7266,hap
7267,hap
7268,hap
7269,hap
7270,hap
7271,exc
7272,exc
7273,xxx
7274,xxx
7275,xxx
7276,xxx
7277,exc
7278,exc
7279,xxx
7280,xxx
7281,xxx
7282,neu
7283,neu
7284,xxx
7285,xxx
7286,neu
7287,neu
7288,xxx
7289,neu
7290,xxx
7291,xxx
7292,neu
7293,neu
7294,neu
7295,xxx
7296,xxx
7297,neu
7298,neu
7299,neu
7300,neu
7301,fru
7302,fru
7303,fru
7304,fru
7305,xxx
7306,xxx
7307,fru
7308,fru
7309,fru
7310,fru
7311,fru
7312,fru
7313,fru
7314,fru
7315,fru
7316,xxx
7317,fru
7318,fru
7319,fru
7320,sur
7321,neu
7322,sur
7323,hap
7324,hap
7325,hap
7326,sur
7327,xxx
7328,neu
7329,neu
7330,xxx
7331,neu
7332,fru
7333,neu
7334,fru
7335,fru
7336,neu
7337,neu
7338,neu
7339,fru
7340,neu
7341,fru
7342,neu
7343,neu
7344,neu
7345,neu
7346,fru
7347,fru
7348,fru
7349,neu
7350,fru
7351,neu
7352,neu
7353,neu
7354,neu
7355,neu
7356,neu
7357,neu
7358,neu
7359,neu
7360,neu
7361,neu
7362,xxx
7363,sur
7364,xxx
7365,xxx
7366,xxx
7367,xxx
7368,sad
7369,sur
7370,fru
7371,fru
7372,ang
7373,ang
7374,ang
7375,xxx
7376,neu
7377,xxx
7378,neu
7379,ang
7380,neu
7381,fru
7382,ang
7383,ang
7384,fru
7385,fru
7386,xxx
7387,xxx
7388,neu
7389,neu
7390,ang
7391,xxx
7392,fru
7393,neu
7394,neu
7395,ang
7396,ang
7397,ang
7398,ang
7399,xxx
7400,ang
7401,ang
7402,ang
7403,xxx
7404,xxx
7405,neu
7406,neu
7407,xxx
7408,xxx
7409,xxx
7410,xxx
7411,xxx
7412,fru
7413,xxx
7414,xxx
7415,fru
7416,xxx
7417,xxx
7418,ang
7419,ang
7420,xxx
7421,fru
7422,fru
7423,neu
7424,fru
7425,xxx
7426,ang
7427,ang
7428,fru
7429,fru
7430,fru
7431,neu
7432,xxx
7433,xxx
7434,fru
7435,fru
7436,neu
7437,neu
7438,fru
7439,sad
7440,xxx
7441,fru
7442,ang
7443,ang
7444,xxx
7445,neu
7446,neu
7447,fru
7448,xxx
7449,fru
7450,ang
7451,neu
7452,ang
7453,ang
7454,ang
7455,ang
7456,ang
7457,neu
7458,ang
7459,ang
7460,ang
7461,ang
7462,ang
7463,ang
7464,ang
7465,ang
7466,ang
7467,xxx
7468,ang
7469,xxx
7470,sad
7471,neu
7472,xxx
7473,xxx
7474,fru
7475,xxx
7476,neu
7477,neu
7478,neu
7479,xxx
7480,xxx
7481,xxx
7482,fru
7483,fru
7484,fru
7485,fru
7486,fru
7487,fru
7488,fru
7489,xxx
7490,ang
7491,xxx
7492,xxx
7493,xxx
7494,xxx
7495,xxx
7496,xxx
7497,xxx
7498,xxx
7499,xxx
7500,xxx
7501,xxx
7502,xxx
7503,hap
7504,hap
7505,hap
7506,xxx
7507,xxx
7508,xxx
7509,xxx
7510,xxx
7511,xxx
7512,xxx
7513,sad
7514,sad
7515,xxx
7516,xxx
7517,xxx
7518,hap
7519,xxx
7520,xxx
7521,xxx
7522,xxx
7523,xxx
7524,xxx
7525,xxx
7526,xxx
7527,xxx
7528,xxx
7529,xxx
7530,xxx
7531,xxx
7532,xxx
7533,xxx
7534,xxx
7535,xxx
7536,xxx
7537,xxx
7538,xxx
7539,xxx
7540,xxx
7541,sad
7542,sad
7543,sad
7544,sad
7545,sad
7546,sad
7547,sad
7548,xxx
7549,sad
7550,sad
7551,sad
7552,sad
7553,sad
7554,sad
7555,xxx
7556,hap
7557,neu
7558,xxx
7559,ang
7560,ang
7561,ang
7562,ang
7563,xxx
7564,ang
7565,ang
7566,fru
7567,ang
7568,fru
7569,ang
7570,ang
7571,neu
7572,fru
7573,fru
7574,ang
7575,ang
7576,fru
7577,fru
7578,fru
7579,xxx
7580,exc
7581,exc
7582,exc
7583,xxx
7584,neu
7585,fru
7586,xxx
7587,exc
7588,neu
7589,xxx
7590,xxx
7591,neu
7592,fru
7593,neu
7594,neu
7595,fru
7596,xxx
7597,exc
7598,fru
7599,exc
7600,exc
7601,exc
7602,exc
7603,sur
7604,xxx
7605,xxx
7606,xxx
7607,exc
7608,exc
7609,exc
7610,exc
7611,exc
7612,exc
7613,neu
7614,xxx
7615,xxx
7616,xxx
7617,xxx
7618,xxx
7619,ang
7620,ang
7621,xxx
7622,ang
7623,fru
7624,xxx
7625,fru
7626,ang
7627,xxx
7628,xxx
7629,sad
7630,xxx
7631,sad
7632,sad
7633,sad
7634,sad
7635,fru
7636,fru
7637,fru
7638,ang
7639,ang
7640,ang
7641,ang
7642,ang
7643,xxx
7644,fru
7645,sad
7646,xxx
7647,xxx
7648,hap
7649,hap
7650,xxx
7651,neu
7652,neu
7653,fru
7654,xxx
7655,xxx
7656,fru
7657,ang
7658,ang
7659,xxx
7660,xxx
7661,xxx
7662,fru
7663,xxx
7664,fru
7665,fru
7666,fru
7667,fru
7668,fru
7669,fru
7670,fru
7671,neu
7672,neu
7673,xxx
7674,xxx
7675,fru
7676,fru
7677,fru
7678,fru
7679,xxx
7680,ang
7681,xxx
7682,ang
7683,fru
7684,fru
7685,ang
7686,fru
7687,xxx
7688,sad
7689,sur
7690,hap
7691,hap
7692,hap
7693,xxx
7694,xxx
7695,fea
7696,fea
7697,xxx
7698,xxx
7699,exc
7700,exc
7701,exc
7702,exc
7703,exc
7704,xxx
7705,xxx
7706,exc
7707,neu
7708,exc
7709,exc
7710,xxx
7711,exc
7712,exc
7713,xxx
7714,xxx
7715,exc
7716,exc
7717,exc
7718,exc
7719,exc
7720,exc
7721,exc
7722,exc
7723,exc
7724,exc
7725,fea
7726,fea
7727,fea
7728,neu
7729,exc
7730,xxx
7731,exc
7732,exc
7733,xxx
7734,xxx
7735,neu
7736,xxx
7737,neu
7738,ang
7739,xxx
7740,xxx
7741,sad
7742,xxx
7743,xxx
7744,xxx
7745,xxx
7746,exc
7747,xxx
7748,xxx
7749,xxx
7750,ang
7751,xxx
7752,xxx
7753,neu
7754,exc
7755,xxx
7756,xxx
7757,xxx
7758,neu
7759,ang
7760,hap
7761,hap
7762,hap
7763,xxx
7764,xxx
7765,exc
7766,xxx
7767,hap
7768,neu
7769,ang
7770,xxx
7771,fru
7772,fru
7773,ang
7774,fru
7775,fru
7776,ang
7777,fru
7778,ang
7779,fru
7780,xxx
7781,ang
7782,ang
7783,neu
7784,fru
7785,ang
7786,fru
7787,ang
7788,ang
7789,ang
7790,ang
7791,ang
7792,ang
7793,ang
7794,ang
7795,ang
7796,ang
7797,xxx
7798,ang
7799,ang
7800,ang
7801,ang
7802,neu
7803,ang
7804,ang
7805,ang
7806,ang
7807,ang
7808,ang
7809,ang
7810,ang
7811,ang
7812,xxx
7813,neu
7814,xxx
7815,xxx
7816,fru
7817,fru
7818,xxx
7819,fru
7820,ang
7821,neu
7822,ang
7823,ang
7824,ang
7825,ang
7826,ang
7827,xxx
7828,fru
7829,fru
7830,fru
7831,fru
7832,ang
7833,ang
7834,ang
7835,fru
7836,ang
7837,ang
7838,neu
7839,ang
7840,neu
7841,ang
7842,ang
7843,ang
7844,xxx
7845,ang
7846,ang
7847,ang
7848,ang
7849,fru
7850,ang
7851,xxx
7852,ang
7853,ang
7854,xxx
7855,ang
7856,xxx
7857,xxx
7858,ang
7859,ang
7860,ang
7861,ang
7862,ang
7863,ang
7864,ang
7865,ang
7866,ang
7867,ang
7868,ang
7869,neu
7870,fru
7871,fru
7872,fru
7873,fru
7874,fru
7875,fru
7876,fru
7877,neu
7878,fru
7879,fru
7880,fru
7881,fru
7882,fru
7883,fru
7884,fru
7885,fru
7886,ang
7887,ang
7888,fru
7889,ang
7890,fru
7891,fru
7892,fru
7893,neu
7894,xxx
7895,xxx
7896,neu
7897,fru
7898,fru
7899,fru
7900,fru
7901,fru
7902,fru
7903,fru
7904,fru
7905,fru
7906,fru
7907,fru
7908,fru
7909,xxx
7910,fru
7911,fru
7912,fru
7913,fru
7914,fru
7915,xxx
7916,fru
7917,xxx
7918,xxx
7919,sad
7920,sad
7921,xxx
7922,sad
7923,sad
7924,fea
7925,xxx
7926,sad
7927,sad
7928,sad
7929,sad
7930,sad
7931,fru
7932,fru
7933,xxx
7934,xxx
7935,fru
7936,fru
7937,xxx
7938,fru
7939,sad
7940,xxx
7941,sad
7942,sad
7943,fru
7944,fru
7945,sad
7946,sad
7947,sad
7948,xxx
7949,sad
7950,sad
7951,xxx
7952,sad
7953,sad
7954,sad
7955,sad
7956,sad
7957,neu
7958,xxx
7959,xxx
7960,xxx
7961,ang
7962,ang
7963,fru
7964,xxx
7965,fru
7966,xxx
7967,ang
7968,xxx
7969,xxx
7970,xxx
7971,ang
7972,ang
7973,fru
7974,xxx
7975,xxx
7976,sur
7977,xxx
7978,xxx
7979,xxx
7980,xxx
7981,sad
7982,sad
7983,sad
7984,xxx
7985,xxx
7986,sad
7987,xxx
7988,sad
7989,sad
7990,sad
7991,sad
7992,sad
7993,sad
7994,xxx
7995,xxx
7996,sur
7997,xxx
7998,sad
7999,exc
8000,exc
8001,exc
8002,exc
8003,exc
8004,exc
8005,xxx
8006,exc
8007,exc
8008,exc
8009,xxx
8010,exc
8011,xxx
8012,xxx
8013,xxx
8014,xxx
8015,xxx
8016,xxx
8017,xxx
8018,xxx
8019,exc
8020,xxx
8021,xxx
8022,xxx
8023,xxx
8024,xxx
8025,xxx
8026,hap
8027,hap
8028,hap
8029,hap
8030,hap
8031,hap
8032,hap
8033,hap
8034,hap
8035,hap
8036,exc
8037,xxx
8038,hap
8039,hap
8040,hap
8041,exc
8042,exc
8043,xxx
8044,xxx
8045,hap
8046,hap
8047,hap
8048,hap
8049,xxx
8050,hap
8051,xxx
8052,hap
8053,hap
8054,hap
8055,hap
8056,hap
8057,hap
8058,hap
8059,hap
8060,exc
8061,exc
8062,sur
8063,exc
8064,xxx
8065,exc
8066,exc
8067,exc
8068,exc
8069,exc
8070,exc
8071,exc
8072,exc
8073,exc
8074,xxx
8075,xxx
8076,xxx
8077,xxx
8078,xxx
8079,xxx
8080,exc
8081,xxx
8082,xxx
8083,xxx
8084,xxx
8085,xxx
8086,xxx
8087,exc
8088,xxx
8089,xxx
8090,hap
8091,exc
8092,exc
8093,exc
8094,xxx
8095,exc
8096,exc
8097,exc
8098,hap
8099,exc
8100,hap
8101,hap
8102,xxx
8103,exc
8104,exc
8105,exc
8106,exc
8107,xxx
8108,xxx
8109,hap
8110,exc
8111,exc
8112,xxx
8113,xxx
8114,xxx
8115,xxx
8116,xxx
8117,hap
8118,hap
8119,xxx
8120,hap
8121,hap
8122,hap
8123,hap
8124,hap
8125,hap
8126,hap
8127,hap
8128,hap
8129,sad
8130,xxx
8131,fru
8132,fru
8133,fru
8134,fru
8135,fru
8136,fru
8137,ang
8138,fru
8139,fru
8140,fru
8141,fru
8142,fru
8143,fru
8144,sad
8145,sad
8146,sad
8147,xxx
8148,sad
8149,fru
8150,xxx
8151,sad
8152,sad
8153,fru
8154,xxx
8155,fru
8156,xxx
8157,fru
8158,fru
8159,fru
8160,fru
8161,fru
8162,fru
8163,fru
8164,fru
8165,fru
8166,fru
8167,neu
8168,neu
8169,neu
8170,neu
8171,sad
8172,neu
8173,neu
8174,neu
8175,xxx
8176,neu
8177,neu
8178,fru
8179,neu
8180,neu
8181,neu
8182,fru
8183,neu
8184,neu
8185,neu
8186,neu
8187,neu
8188,neu
8189,neu
8190,fru
8191,neu
8192,neu
8193,neu
8194,xxx
8195,fru
8196,neu
8197,fru
8198,neu
8199,fru
8200,neu
8201,neu
8202,neu
8203,neu
8204,neu
8205,neu
8206,neu
8207,neu
8208,neu
8209,neu
8210,neu
8211,neu
8212,neu
8213,neu
8214,neu
8215,neu
8216,neu
8217,neu
8218,neu
8219,neu
8220,neu
8221,neu
8222,neu
8223,fru
8224,neu
8225,neu
8226,neu
8227,neu
8228,fru
8229,fru
8230,neu
8231,fru
8232,fru
8233,fru
8234,fru
8235,xxx
8236,xxx
8237,fru
8238,ang
8239,ang
8240,ang
8241,ang
8242,ang
8243,ang
8244,ang
8245,xxx
8246,fru
8247,fru
8248,fru
8249,xxx
8250,fru
8251,ang
8252,xxx
8253,ang
8254,ang
8255,xxx
8256,fru
8257,fru
8258,fru
8259,fru
8260,fru
8261,ang
8262,ang
8263,xxx
8264,fru
8265,fru
8266,neu
8267,neu
8268,neu
8269,neu
8270,neu
8271,neu
8272,neu
8273,neu
8274,neu
8275,neu
8276,neu
8277,fru
8278,neu
8279,fru
8280,neu
8281,neu
8282,neu
8283,neu
8284,neu
8285,neu
8286,fru
8287,fru
8288,neu
8289,neu
8290,xxx
8291,neu
8292,fru
8293,fru
8294,fru
8295,fru
8296,neu
8297,neu
8298,neu
8299,neu
8300,neu
8301,fru
8302,neu
8303,neu
8304,fru
8305,neu
8306,neu
8307,neu
8308,xxx
8309,fru
8310,fru
8311,fru
8312,fru
8313,fru
8314,neu
8315,fru
8316,neu
8317,neu
8318,neu
8319,neu
8320,sad
8321,sad
8322,sad
8323,sad
8324,sad
8325,sad
8326,sad
8327,sad
8328,sad
8329,sad
8330,sad
8331,sad
8332,sad
8333,sad
8334,sad
8335,sad
8336,sad
8337,sad
8338,sad
8339,sad
8340,sad
8341,sad
8342,sad
8343,sad
8344,sad
8345,sad
8346,sad
8347,sad
8348,xxx
8349,sad
8350,xxx
8351,sad
8352,sad
8353,sad
8354,sad
8355,sad
8356,sad
8357,sad
8358,sad
8359,sad
8360,neu
8361,sad
8362,neu
8363,neu
8364,sad
8365,xxx
8366,xxx
8367,neu
8368,neu
8369,neu
8370,sad
8371,neu
8372,neu
8373,neu
8374,neu
8375,neu
8376,exc
8377,exc
8378,exc
8379,exc
8380,exc
8381,exc
8382,hap
8383,neu
8384,exc
8385,xxx
8386,xxx
8387,exc
8388,exc
8389,exc
8390,exc
8391,exc
8392,exc
8393,exc
8394,xxx
8395,xxx
8396,xxx
8397,exc
8398,xxx
8399,exc
8400,exc
8401,exc
8402,exc
8403,exc
8404,exc
8405,exc
8406,exc
8407,exc
8408,exc
8409,exc
8410,exc
8411,exc
8412,exc
8413,exc
8414,exc
8415,exc
8416,exc
8417,exc
8418,exc
8419,exc
8420,exc
8421,exc
8422,exc
8423,hap
8424,exc
8425,exc
8426,xxx
8427,exc
8428,exc
8429,exc
8430,exc
8431,exc
8432,exc
8433,exc
8434,exc
8435,exc
8436,exc
8437,exc
8438,xxx
8439,xxx
8440,exc
8441,exc
8442,exc
8443,exc
8444,xxx
8445,exc
8446,exc
8447,exc
8448,exc
8449,exc
8450,exc
8451,exc
8452,exc
8453,neu
8454,neu
8455,neu
8456,neu
8457,neu
8458,neu
8459,fru
8460,neu
8461,neu
8462,neu
8463,neu
8464,neu
8465,neu
8466,xxx
8467,neu
8468,neu
8469,neu
8470,neu
8471,neu
8472,neu
8473,neu
8474,neu
8475,neu
8476,neu
8477,neu
8478,neu
8479,neu
8480,neu
8481,neu
8482,neu
8483,neu
8484,xxx
8485,neu
8486,neu
8487,fru
8488,fru
8489,fru
8490,xxx
8491,ang
8492,ang
8493,fru
8494,ang
8495,fru
8496,fru
8497,fru
8498,fru
8499,fru
8500,neu
8501,fru
8502,xxx
8503,neu
8504,xxx
8505,neu
8506,neu
8507,neu
8508,fru
8509,neu
8510,fru
8511,sur
8512,hap
8513,hap
8514,neu
8515,hap
8516,xxx
8517,hap
8518,hap
8519,xxx
8520,sad
8521,xxx
8522,xxx
8523,xxx
8524,sad
8525,sad
8526,sad
8527,sad
8528,sad
8529,xxx
8530,xxx
8531,xxx
8532,xxx
8533,xxx
8534,fru
8535,xxx
8536,xxx
8537,neu
8538,xxx
8539,xxx
8540,xxx
8541,fru
8542,xxx
8543,fru
8544,neu
8545,neu
8546,neu
8547,neu
8548,neu
8549,xxx
8550,fru
8551,sad
8552,xxx
8553,ang
8554,ang
8555,fru
8556,xxx
8557,fru
8558,ang
8559,xxx
8560,fru
8561,xxx
8562,sad
8563,sad
8564,sad
8565,sad
8566,sad
8567,sad
8568,sad
8569,sad
8570,sad
8571,sad
8572,fru
8573,fru
8574,fru
8575,ang
8576,fru
8577,fru
8578,sad
8579,fru
8580,neu
8581,fru
8582,fru
8583,xxx
8584,xxx
8585,xxx
8586,fru
8587,ang
8588,xxx
8589,xxx
8590,fru
8591,fru
8592,fru
8593,fru
8594,fru
8595,fru
8596,xxx
8597,ang
8598,xxx
8599,xxx
8600,xxx
8601,xxx
8602,xxx
8603,xxx
8604,neu
8605,xxx
8606,xxx
8607,xxx
8608,fru
8609,ang
8610,fru
8611,fru
8612,fru
8613,ang
8614,ang
8615,ang
8616,xxx
8617,ang
8618,xxx
8619,sad
8620,ang
8621,neu
8622,neu
8623,neu
8624,fru
8625,fru
8626,fru
8627,xxx
8628,fru
8629,fru
8630,fru
8631,fru
8632,fru
8633,fru
8634,fru
8635,fru
8636,xxx
8637,ang
8638,ang
8639,hap
8640,hap
8641,hap
8642,hap
8643,xxx
8644,xxx
8645,sad
8646,xxx
8647,neu
8648,hap
8649,xxx
8650,xxx
8651,xxx
8652,xxx
8653,xxx
8654,hap
8655,hap
8656,hap
8657,xxx
8658,xxx
8659,sad
8660,neu
8661,sad
8662,sad
8663,neu
8664,sad
8665,hap
8666,hap
8667,xxx
8668,sur
8669,xxx
8670,neu
8671,hap
8672,neu
8673,xxx
8674,hap
8675,exc
8676,exc
8677,xxx
8678,xxx
8679,xxx
8680,xxx
8681,xxx
8682,exc
8683,exc
8684,xxx
8685,xxx
8686,xxx
8687,sad
8688,xxx
8689,sad
8690,sad
8691,sad
8692,sad
8693,sad
8694,sad
8695,sad
8696,sad
8697,sad
8698,sad
8699,sad
8700,sad
8701,sad
8702,sad
8703,sad
8704,xxx
8705,exc
8706,hap
8707,neu
8708,neu
8709,fru
8710,xxx
8711,fru
8712,neu
8713,xxx
8714,neu
8715,fru
8716,xxx
8717,fru
8718,neu
8719,neu
8720,fru
8721,fru
8722,neu
8723,neu
8724,fru
8725,fru
8726,xxx
8727,exc
8728,exc
8729,exc
8730,exc
8731,fru
8732,fru
8733,fru
8734,fru
8735,xxx
8736,exc
8737,exc
8738,exc
8739,exc
8740,xxx
8741,exc
8742,xxx
8743,xxx
8744,fru
8745,exc
8746,exc
8747,exc
8748,exc
8749,xxx
8750,exc
8751,exc
8752,sur
8753,xxx
8754,fru
8755,xxx
8756,exc
8757,exc
8758,exc
8759,exc
8760,exc
8761,exc
8762,xxx
8763,xxx
8764,xxx
8765,xxx
8766,fru
8767,ang
8768,fru
8769,fru
8770,fru
8771,fru
8772,fru
8773,fru
8774,fru
8775,sad
8776,sad
8777,hap
8778,sad
8779,sad
8780,sad
8781,sad
8782,fru
8783,xxx
8784,xxx
8785,fru
8786,fru
8787,sad
8788,sad
8789,sad
8790,sad
8791,sad
8792,sad
8793,xxx
8794,sad
8795,hap
8796,hap
8797,xxx
8798,xxx
8799,hap
8800,xxx
8801,exc
8802,fru
8803,neu
8804,neu
8805,xxx
8806,neu
8807,fru
8808,fru
8809,fru
8810,fru
8811,neu
8812,fru
8813,fru
8814,fru
8815,xxx
8816,xxx
8817,neu
8818,xxx
8819,exc
8820,exc
8821,exc
8822,xxx
8823,fru
8824,fru
8825,fru
8826,ang
8827,xxx
8828,fru
8829,xxx
8830,xxx
8831,xxx
8832,sad
8833,sad
8834,sad
8835,xxx
8836,hap
8837,hap
8838,hap
8839,xxx
8840,xxx
8841,hap
8842,hap
8843,xxx
8844,xxx
8845,xxx
8846,xxx
8847,xxx
8848,exc
8849,exc
8850,exc
8851,xxx
8852,xxx
8853,neu
8854,neu
8855,xxx
8856,neu
8857,xxx
8858,neu
8859,xxx
8860,xxx
8861,xxx
8862,neu
8863,xxx
8864,xxx
8865,xxx
8866,xxx
8867,xxx
8868,exc
8869,xxx
8870,xxx
8871,xxx
8872,xxx
8873,exc
8874,hap
8875,xxx
8876,neu
8877,exc
8878,exc
8879,xxx
8880,xxx
8881,xxx
8882,exc
8883,fea
8884,exc
8885,xxx
8886,xxx
8887,xxx
8888,exc
8889,xxx
8890,exc
8891,exc
8892,exc
8893,exc
8894,exc
8895,exc
8896,exc
8897,exc
8898,exc
8899,exc
8900,xxx
8901,exc
8902,exc
8903,exc
8904,exc
8905,exc
8906,exc
8907,neu
8908,exc
8909,exc
8910,exc
8911,neu
8912,neu
8913,xxx
8914,neu
8915,neu
8916,neu
8917,neu
8918,xxx
8919,fru
8920,xxx
8921,neu
8922,neu
8923,neu
8924,xxx
8925,neu
8926,xxx
8927,xxx
8928,xxx
8929,ang
8930,ang
8931,ang
8932,ang
8933,neu
8934,ang
8935,ang
8936,xxx
8937,fru
8938,ang
8939,fru
8940,ang
8941,ang
8942,ang
8943,ang
8944,ang
8945,ang
8946,ang
8947,ang
8948,ang
8949,ang
8950,ang
8951,ang
8952,ang
8953,xxx
8954,xxx
8955,xxx
8956,xxx
8957,ang
8958,ang
8959,fru
8960,xxx
8961,ang
8962,neu
8963,neu
8964,xxx
8965,xxx
8966,ang
8967,ang
8968,xxx
8969,ang
8970,xxx
8971,fru
8972,ang
8973,xxx
8974,xxx
8975,ang
8976,fru
8977,ang
8978,ang
8979,ang
8980,xxx
8981,xxx
8982,xxx
8983,fru
8984,xxx
8985,fru
8986,xxx
8987,xxx
8988,xxx
8989,xxx
8990,ang
8991,ang
8992,ang
8993,ang
8994,ang
8995,ang
8996,ang
8997,neu
8998,neu
8999,neu
9000,neu
9001,neu
9002,fru
9003,neu
9004,fru
9005,fru
9006,neu
9007,fru
9008,fru
9009,neu
9010,fru
9011,fru
9012,fru
9013,fru
9014,fru
9015,fru
9016,fru
9017,fru
9018,ang
9019,fru
9020,ang
9021,xxx
9022,xxx
9023,xxx
9024,xxx
9025,fru
9026,ang
9027,xxx
9028,xxx
9029,fru
9030,fru
9031,xxx
9032,fru
9033,fru
9034,fru
9035,fru
9036,ang
9037,fru
9038,fru
9039,fru
9040,fru
9041,fru
9042,fru
9043,fru
9044,xxx
9045,sur
9046,fea
9047,fea
9048,xxx
9049,xxx
9050,fru
9051,xxx
9052,sur
9053,fru
9054,fru
9055,xxx
9056,neu
9057,sad
9058,xxx
9059,fea
9060,fea
9061,fea
9062,xxx
9063,fea
9064,sad
9065,sad
9066,xxx
9067,sad
9068,sad
9069,sad
9070,sad
9071,xxx
9072,xxx
9073,xxx
9074,xxx
9075,xxx
9076,sad
9077,fru
9078,xxx
9079,sad
9080,sad
9081,sad
9082,sad
9083,xxx
9084,xxx
9085,xxx
9086,fru
9087,sad
9088,sad
9089,xxx
9090,sad
9091,sad
9092,sad
9093,sad
9094,sad
9095,xxx
9096,sad
9097,sad
9098,sad
9099,exc
9100,xxx
9101,xxx
9102,neu
9103,sur
9104,exc
9105,exc
9106,exc
9107,hap
9108,neu
9109,exc
9110,hap
9111,hap
9112,hap
9113,hap
9114,hap
9115,hap
9116,exc
9117,exc
9118,hap
9119,hap
9120,exc
9121,exc
9122,hap
9123,hap
9124,hap
9125,exc
9126,xxx
9127,xxx
9128,neu
9129,neu
9130,xxx
9131,xxx
9132,neu
9133,hap
9134,exc
9135,exc
9136,exc
9137,exc
9138,hap
9139,xxx
9140,hap
9141,hap
9142,hap
9143,hap
9144,hap
9145,hap
9146,hap
9147,hap
9148,hap
9149,hap
9150,hap
9151,xxx
9152,hap
9153,neu
9154,exc
9155,exc
9156,xxx
9157,hap
9158,hap
9159,hap
9160,hap
9161,hap
9162,hap
9163,exc
9164,hap
9165,hap
9166,hap
9167,hap
9168,xxx
9169,neu
9170,neu
9171,neu
9172,neu
9173,neu
9174,neu
9175,neu
9176,neu
9177,neu
9178,neu
9179,neu
9180,neu
9181,neu
9182,neu
9183,neu
9184,neu
9185,neu
9186,neu
9187,neu
9188,neu
9189,neu
9190,neu
9191,neu
9192,neu
9193,xxx
9194,neu
9195,neu
9196,neu
9197,neu
9198,neu
9199,neu
9200,neu
9201,fru
9202,neu
9203,neu
9204,neu
9205,neu
9206,xxx
9207,fru
9208,fru
9209,fru
9210,fru
9211,fru
9212,fru
9213,fru
9214,fru
9215,neu
9216,neu
9217,neu
9218,fru
9219,fru
9220,fru
9221,fru
9222,fru
9223,fru
9224,fru
9225,xxx
9226,ang
9227,ang
9228,xxx
9229,fru
9230,fru
9231,fru
9232,fru
9233,fru
9234,fru
9235,fru
9236,fru
9237,fru
9238,fru
9239,fru
9240,fru
9241,fru
9242,fru
9243,xxx
9244,fru
9245,fru
9246,fru
9247,ang
9248,sad
9249,neu
9250,neu
9251,neu
9252,neu
9253,neu
9254,neu
9255,neu
9256,neu
9257,neu
9258,neu
9259,neu
9260,neu
9261,neu
9262,neu
9263,neu
9264,neu
9265,neu
9266,neu
9267,neu
9268,neu
9269,neu
9270,neu
9271,neu
9272,neu
9273,neu
9274,neu
9275,neu
9276,neu
9277,neu
9278,neu
9279,sur
9280,neu
9281,neu
9282,xxx
9283,fru
9284,fru
9285,xxx
9286,fru
9287,fru
9288,fru
9289,fru
9290,fru
9291,fru
9292,fru
9293,neu
9294,xxx
9295,xxx
9296,sad
9297,sad
9298,sad
9299,sad
9300,sad
9301,sad
9302,sad
9303,sad
9304,sad
9305,sad
9306,sad
9307,sad
9308,sad
9309,sad
9310,sad
9311,sad
9312,sad
9313,sad
9314,sad
9315,sad
9316,sad
9317,sad
9318,sad
9319,sad
9320,xxx
9321,xxx
9322,sad
9323,sad
9324,sad
9325,sad
9326,exc
9327,exc
9328,xxx
9329,exc
9330,hap
9331,hap
9332,xxx
9333,hap
9334,hap
9335,exc
9336,neu
9337,exc
9338,exc
9339,hap
9340,xxx
9341,exc
9342,neu
9343,neu
9344,neu
9345,neu
9346,neu
9347,exc
9348,exc
9349,hap
9350,neu
9351,neu
9352,neu
9353,neu
9354,neu
9355,neu
9356,neu
9357,hap
9358,neu
9359,neu
9360,xxx
9361,hap
9362,hap
9363,exc
9364,neu
9365,hap
9366,neu
9367,exc
9368,exc
9369,xxx
9370,exc
9371,hap
9372,xxx
9373,exc
9374,exc
9375,exc
9376,exc
9377,exc
9378,exc
9379,exc
9380,exc
9381,xxx
9382,hap
9383,xxx
9384,exc
9385,xxx
9386,exc
9387,exc
9388,xxx
9389,exc
9390,exc
9391,exc
9392,exc
9393,exc
9394,exc
9395,exc
9396,exc
9397,exc
9398,exc
9399,exc
9400,xxx
9401,exc
9402,exc
9403,exc
9404,exc
9405,exc
9406,exc
9407,exc
9408,exc
9409,exc
9410,exc
9411,xxx
9412,hap
9413,exc
9414,exc
9415,exc
9416,exc
9417,exc
9418,exc
9419,hap
9420,exc
9421,fru
9422,fru
9423,fru
9424,fru
9425,fru
9426,neu
9427,neu
9428,neu
9429,neu
9430,neu
9431,xxx
9432,neu
9433,neu
9434,neu
9435,neu
9436,neu
9437,neu
9438,neu
9439,neu
9440,neu
9441,xxx
9442,sur
9443,hap
9444,fru
9445,xxx
9446,hap
9447,hap
9448,hap
9449,hap
9450,neu
9451,neu
9452,neu
9453,neu
9454,neu
9455,neu
9456,neu
9457,neu
9458,neu
9459,neu
9460,neu
9461,neu
9462,neu
9463,neu
9464,neu
9465,neu
9466,neu
9467,neu
9468,neu
9469,neu
9470,neu
9471,neu
9472,neu
9473,neu
9474,neu
9475,neu
9476,hap
9477,neu
9478,hap
9479,sad
9480,sad
9481,xxx
9482,xxx
9483,sad
9484,sad
9485,xxx
9486,xxx
9487,xxx
9488,xxx
9489,fru
9490,xxx
9491,fru
9492,fru
9493,ang
9494,xxx
9495,xxx
9496,xxx
9497,ang
9498,xxx
9499,fru
9500,ang
9501,ang
9502,neu
9503,neu
9504,neu
9505,neu
9506,fru
9507,fru
9508,fru
9509,xxx
9510,sur
9511,ang
9512,xxx
9513,xxx
9514,ang
9515,ang
9516,fru
9517,fru
9518,xxx
9519,xxx
9520,xxx
9521,xxx
9522,sad
9523,xxx
9524,xxx
9525,xxx
9526,xxx
9527,fru
9528,fru
9529,ang
9530,fru
9531,ang
9532,xxx
9533,fru
9534,neu
9535,neu
9536,fru
9537,fru
9538,ang
9539,ang
9540,ang
9541,ang
9542,fru
9543,ang
9544,xxx
9545,xxx
9546,ang
9547,fru
9548,fru
9549,xxx
9550,ang
9551,ang
9552,ang
9553,ang
9554,ang
9555,ang
9556,fru
9557,xxx
9558,fru
9559,sad
9560,sur
9561,xxx
9562,xxx
9563,xxx
9564,xxx
9565,xxx
9566,xxx
9567,xxx
9568,xxx
9569,xxx
9570,xxx
9571,fru
9572,xxx
9573,xxx
9574,xxx
9575,fru
9576,xxx
9577,fru
9578,xxx
9579,xxx
9580,xxx
9581,neu
9582,neu
9583,neu
9584,xxx
9585,neu
9586,fru
9587,sad
9588,xxx
9589,sur
9590,ang
9591,xxx
9592,ang
9593,ang
9594,fru
9595,xxx
9596,fru
9597,xxx
9598,xxx
9599,sad
9600,sad
9601,sad
9602,sad
9603,sad
9604,xxx
9605,xxx
9606,fru
9607,fru
9608,fru
9609,xxx
9610,fru
9611,xxx
9612,xxx
9613,xxx
9614,fru
9615,fru
9616,xxx
9617,ang
9618,ang
9619,fru
9620,ang
9621,xxx
9622,xxx
9623,fru
9624,fru
9625,fru
9626,fru
9627,fru
9628,fru
9629,ang
9630,ang
9631,ang
9632,xxx
9633,ang
9634,ang
9635,xxx
9636,xxx
9637,fru
9638,ang
9639,ang
9640,xxx
9641,xxx
9642,neu
9643,xxx
9644,neu
9645,ang
9646,xxx
9647,xxx
9648,xxx
9649,xxx
9650,fru
9651,fru
9652,xxx
9653,xxx
9654,fru
9655,ang
9656,xxx
9657,ang
9658,neu
9659,neu
9660,fru
9661,neu
9662,fru
9663,fru
9664,xxx
9665,fru
9666,fru
9667,fru
9668,fru
9669,fru
9670,fru
9671,fru
9672,xxx
9673,ang
9674,ang
9675,neu
9676,hap
9677,xxx
9678,neu
9679,xxx
9680,xxx
9681,neu
9682,neu
9683,xxx
9684,hap
9685,sad
9686,xxx
9687,hap
9688,exc
9689,xxx
9690,exc
9691,sad
9692,xxx
9693,xxx
9694,sad
9695,sad
9696,sad
9697,neu
9698,sad
9699,sad
9700,sad
9701,xxx
9702,hap
9703,xxx
9704,exc
9705,sur
9706,neu
9707,xxx
9708,xxx
9709,xxx
9710,xxx
9711,xxx
9712,xxx
9713,exc
9714,xxx
9715,sur
9716,hap
9717,xxx
9718,xxx
9719,exc
9720,exc
9721,sur
9722,sad
9723,sad
9724,sad
9725,neu
9726,sad
9727,xxx
9728,sad
9729,sad
9730,sad
9731,xxx
9732,sad
9733,sad
9734,xxx
9735,xxx
9736,sad
9737,xxx
9738,xxx
9739,sad
9740,fru
9741,fru
9742,sad
9743,sad
9744,exc
9745,hap
9746,sad
9747,neu
9748,xxx
9749,xxx
9750,xxx
9751,xxx
9752,xxx
9753,xxx
9754,xxx
9755,xxx
9756,xxx
9757,xxx
9758,xxx
9759,fru
9760,fru
9761,fru
9762,sad
9763,xxx
9764,fru
9765,fru
9766,xxx
9767,exc
9768,exc
9769,exc
9770,exc
9771,xxx
9772,exc
9773,exc
9774,exc
9775,exc
9776,exc
9777,exc
9778,xxx
9779,xxx
9780,xxx
9781,xxx
9782,xxx
9783,fru
9784,exc
9785,exc
9786,exc
9787,exc
9788,exc
9789,fru
9790,exc
9791,fru
9792,fru
9793,xxx
9794,xxx
9795,exc
9796,exc
9797,exc
9798,exc
9799,exc
9800,exc
9801,neu
9802,neu
9803,xxx
9804,xxx
9805,fru
9806,ang
9807,fru
9808,xxx
9809,fru
9810,ang
9811,ang
9812,fru
9813,sad
9814,sad
9815,sad
9816,sad
9817,sad
9818,sad
9819,sad
9820,sad
9821,xxx
9822,xxx
9823,sad
9824,sad
9825,xxx
9826,xxx
9827,sad
9828,sad
9829,sad
9830,sad
9831,sad
9832,sad
9833,sad
9834,xxx
9835,hap
9836,xxx
9837,xxx
9838,hap
9839,hap
9840,exc
9841,exc
9842,fru
9843,xxx
9844,xxx
9845,neu
9846,fru
9847,fru
9848,xxx
9849,fru
9850,xxx
9851,fru
9852,fru
9853,fru
9854,fru
9855,xxx
9856,neu
9857,xxx
9858,xxx
9859,xxx
9860,fru
9861,fru
9862,fru
9863,fru
9864,ang
9865,ang
9866,ang
9867,xxx
9868,fru
9869,sad
9870,sad
9871,sad
9872,sad
9873,sur
9874,hap
9875,hap
9876,hap
9877,hap
9878,xxx
9879,xxx
9880,hap
9881,fea
9882,exc
9883,exc
9884,exc
9885,exc
9886,exc
9887,xxx
9888,xxx
9889,xxx
9890,xxx
9891,xxx
9892,neu
9893,neu
9894,neu
9895,xxx
9896,neu
9897,xxx
9898,neu
9899,xxx
9900,xxx
9901,neu
9902,xxx
9903,xxx
9904,xxx
9905,exc
9906,xxx
9907,exc
9908,xxx
9909,xxx
9910,xxx
9911,xxx
9912,neu
9913,xxx
9914,exc
9915,fea
9916,neu
9917,exc
9918,xxx
9919,exc
9920,exc
9921,exc
9922,exc
9923,exc
9924,exc
9925,exc
9926,exc
9927,exc
9928,exc
9929,exc
9930,xxx
9931,exc
9932,xxx
9933,exc
9934,exc
9935,exc
9936,exc
9937,exc
9938,exc
9939,exc
9940,exc
9941,exc
9942,exc
9943,exc
9944,exc
9945,exc
9946,exc
9947,xxx
9948,xxx
9949,neu
9950,neu
9951,fru
9952,neu
9953,neu
9954,neu
9955,xxx
9956,fru
9957,neu
9958,xxx
9959,xxx
9960,neu
9961,fru
9962,xxx
9963,neu
9964,xxx
9965,ang
9966,ang
9967,xxx
9968,xxx
9969,fru
9970,xxx
9971,neu
9972,xxx
9973,fru
9974,neu
9975,xxx
9976,ang
9977,fru
9978,xxx
9979,xxx
9980,xxx
9981,xxx
9982,ang
9983,ang
9984,ang
9985,ang
9986,ang
9987,ang
9988,ang
9989,ang
9990,ang
9991,ang
9992,ang
9993,xxx
9994,xxx
9995,xxx
9996,xxx
9997,fru
9998,fru
9999,xxx
10000,xxx
10001,ang
10002,ang
10003,neu
10004,neu
10005,xxx
10006,xxx
10007,xxx
10008,ang
10009,fru
10010,fru
10011,xxx
10012,xxx
10013,ang
10014,xxx
10015,fru
10016,ang
10017,neu
10018,ang
10019,ang
10020,ang
10021,ang
10022,ang
10023,ang
10024,ang
10025,ang
10026,ang
10027,ang
10028,ang
10029,ang
10030,ang
10031,ang
10032,ang
10033,ang
10034,ang
10035,ang
10036,ang
10037,ang
10038,ang
